date,Charge_Q,Charge_energy,CC_energy,CC_CCCT,CC_Q,CC_t_mean,Charge_V_skewness,Charge_V_kurtosis,Charge_C_skewness,Charge_C_mean,Capacity,Target
2025/1/1,1.976429808333333,7.755874337333584,6.508440928648501,25.191,1.679404211666666,12.60003804347827,-0.703428189,1.912483000965024,-0.117348858,2.257107494297813,1.863,94.52054794520548
2025/1/2,1.866881890833333,7.337221898,6.10665755212775,23.608,1.573873196666667,11.804950688905,-0.738253554,1.925692952565137,-0.087948298,2.233819911202193,1.871,94.92643328259767
2025/1/3,1.873625778,7.35883934813025,6.132994287273332,23.726,1.581741123,11.85905342960288,-0.716811031,1.893650602392174,-0.112170826,2.258862603305798,1.877,95.2308472856418
2025/1/4,1.879376478,7.3779328068985,6.150902149537666,23.808,1.587208695833333,11.90781739755572,-0.701581089,1.871543317514363,-0.129182831,2.276310335292099,1.883,95.53526128868594
2025/1/5,1.884898868,7.396765103497833,6.173974426083999,23.906,1.593741844166667,11.95114674302076,-0.688068403,1.851414194317248,-0.144139881,2.291482518210212,1.888,95.78893962455606
2025/1/6,1.889698550833333,7.413050588791417,6.192784256964334,23.987,1.599142385833333,11.99231383737517,-0.677118652,1.835888894929466,-0.155773792,2.302999304589726,1.892,95.99188229325215
2025/1/7,1.894211860833333,7.428676954067667,6.2076573143505,24.052,1.603476715,12.02452350427351,-0.667132579,1.821546048834938,-0.167411549,2.314771169284484,1.897,96.24556062912227
2025/1/8,1.898710239166667,7.444315469377583,6.225122630978084,24.126,1.608410584166667,12.06246661931819,-0.659841898,1.811520559281133,-0.175062198,2.322218273934331,1.901,96.44850329781836
2025/1/9,1.902631805833334,7.457805131192417,6.23782661688675,24.182,1.612144875833334,12.08895535081502,-0.648892209,1.796062686154726,-0.187624745,2.334678225806479,1.9,96.39776763064434
2025/1/10,1.900725490000001,7.4535227628645,6.228933824619583,24.137,1.609141875,12.06793892045454,-0.66287799,1.812892306292094,-0.168364415,2.316336468129587,1.903,96.54997463216641
2025/1/11,1.905269630833334,7.468537506715082,6.243068206630918,24.202,1.613476400000001,12.09781798866856,-0.651452393,1.797320584099404,-0.181844848,2.329387316561861,1.91,96.90512430238456
2025/1/12,1.911423522500001,7.489611434475667,6.26349538349225,24.292,1.619476278333334,12.14549719101123,-0.643786549,1.788496089680391,-0.192096869,2.339383362339039,1.913,97.05733130390665
2025/1/13,1.914987793,7.50197608569375,6.279393837253334,24.358,1.623882304166667,12.17829852838121,-0.637172507,1.779571727711612,-0.199362342,2.346325523012586,1.917,97.26027397260275
2025/1/14,1.918346343,7.513857905879583,6.288925772749499,24.4,1.62668143,12.19944755244755,-0.631793272,1.773878274737677,-0.205912132,2.35282634333569,1.92,97.4124809741248
2025/1/15,1.921449428333333,7.524712213884666,6.301586466039499,24.453,1.630214696666667,12.23397069085835,-0.627465317,1.769347316100978,-0.212559248,2.359022109675199,1.923,97.56468797564688
2025/1/16,1.924207682500001,7.534210442988416,6.312376816161334,24.499,1.633280700833334,12.25173328690808,-0.619381902,1.759400033882844,-0.222363725,2.368487500000029,1.926,97.71689497716895
2025/1/17,1.927023495,7.544249440280501,6.317873584971833,24.525,1.635014882500001,12.26169749652296,-0.618731746,1.759854064335415,-0.223256198,2.3693507692308,1.928,97.818366311517
2025/1/18,1.929579426666667,7.55314963440175,6.324433433327167,24.555,1.637013515833334,12.27978526754691,-0.615242385,1.756345525894535,-0.228386233,2.373994224711263,1.93,97.91983764586504
2025/1/19,1.931874005833334,7.561476944444085,6.334043177,24.594,1.6396136,12.29105343511451,-0.613778424,1.754990702387075,-0.229098507,2.374735746764637,1.933,98.07204464738712
2025/1/20,1.934239542500001,7.568715972069915,6.342544316338166,24.634,1.642279614166667,12.31491794158553,-0.604372374,1.744805805056959,-0.242116271,2.386876594994747,1.936,98.22425164890917
2025/1/21,1.937503564166667,7.58048370400375,6.35348365375925,24.68,1.645346336666667,12.33752916666668,-0.603749504,1.746727603103036,-0.244551773,2.389220577871774,1.938,98.32572298325722
2025/1/22,1.939705543333334,7.5882806798115,6.361548966372333,24.714,1.647612356666667,12.35704160887657,-0.601564264,1.745653086934847,-0.248175813,2.392720303137156,1.94,98.42719431760527
2025/1/23,1.941467458333334,7.594588528667084,6.365207699029501,24.731,1.648743399166667,12.36397505197506,-0.601004699,1.746461928248277,-0.249236811,2.393931254404538,1.942,98.52866565195332
2025/1/24,1.943159109166667,7.60051851927925,6.373823093720416,24.766,1.651074581666667,12.38134602076124,-0.598113733,1.745117431682512,-0.254166405,2.398355414462109,1.944,98.63013698630137
2025/1/25,1.944844033333334,7.606469298347499,6.373535179004999,24.769,1.65127374,12.3822858131488,-0.59933245,1.747927752666894,-0.252575704,2.396966185276538,1.945,98.68087265347539
2025/1/26,1.946538483,7.612539487720916,6.384242741735916,24.811,1.65407265,12.40512715964063,-0.598261708,1.749011071668948,-0.255977359,2.400028304547083,1.947,98.78234398782344
2025/1/27,1.948126068333334,7.617861037925167,6.3884898741675,24.831,1.655404416666667,12.41517529330573,-0.594910869,1.746654606968614,-0.261257414,2.404901763668451,1.948,98.83307965499746
2025/1/28,1.949374136666667,7.622355331421415,6.391661624895999,24.845,1.656337605833334,12.42081793103448,-0.595953692,1.748963683021039,-0.259767039,2.403441176470605,1.949,98.88381532217149
2025/1/29,1.950396800833334,7.6262142220415,6.3931743469945,24.852,1.656801606666667,12.42942344827586,-0.595850963,1.750864457550387,-0.261892928,2.405767007402204,1.95,98.93455098934551
2025/1/30,1.951373798,7.62983263290325,6.396863640565501,24.867,1.657795368333334,12.43376154376292,-0.597238945,1.753948188815452,-0.260788895,2.404465598591545,1.951,98.98528665651953
2025/1/31,1.952270903,7.633017700875416,6.398795707749668,24.876,1.658393995833334,12.43712474155755,-0.596460773,1.754838408693298,-0.262959041,2.406648379140242,1.952,99.03602232369354
2025/2/1,1.953663895833333,7.637793169308416,6.400790886440584,24.887,1.659124968,12.44563567493113,-0.596926934,1.756908030458825,-0.263527721,2.407247676056327,1.953,99.08675799086758
2025/2/2,1.954503458333333,7.640916051061833,6.406531151737749,24.909,1.660587729166666,12.45450860289057,-0.597861861,1.759289296086306,-0.262762636,2.406133040112585,1.954,99.13749365804159
2025/2/3,1.955383115,7.64416241940425,6.407760011958333,24.915,1.660987030833333,12.45834205092911,-0.598653929,1.7621339267036,-0.262895037,2.406660380014066,1.955,99.18822932521563
2025/2/4,1.956597993333333,7.648185839752667,6.413396316757667,24.939,1.662585918333333,12.47114432989691,-0.596396067,1.761571076340917,-0.266923896,2.410001654347044,1.957,99.28970065956368
2025/2/5,1.957656320833333,7.651785629367999,6.413672522131582,24.943,1.662852711666666,12.4728591065292,-0.596862963,1.764725358992781,-0.267811256,2.411051214361125,1.958,99.34043632673769
2025/2/6,1.959117211666666,7.656312280514333,6.418502283284333,24.966,1.664385513333333,12.48191552197803,-0.59247645,1.761698340914853,-0.274847998,2.417382363315678,1.958,99.34043632673769
2025/2/7,1.959004260833333,7.656822282716417,6.415281635755584,24.951,1.663384361666666,12.48070604395604,-0.598367778,1.769365362106557,-0.267777692,2.410732524613195,1.959,99.39117199391173
2025/2/8,1.960072558333333,7.659964557585667,6.423460762209166,24.985,1.665652033,12.49193827160494,-0.595064409,1.766503167604349,-0.272298087,2.414788736360417,1.96,99.44190766108574
2025/2/9,1.960757259166666,7.662448649894416,6.424752545198915,24.991,1.666052719166666,12.4939670781893,-0.593950863,1.767133568506403,-0.275108237,2.417504968287504,1.96,99.44190766108574
2025/2/10,1.961568423333333,7.66503197088775,6.425053018979749,24.995,1.666319811666666,12.49533127572016,-0.592813419,1.767863954268653,-0.277495761,2.419904619181921,1.961,99.49264332825976
2025/2/11,1.962154618333333,7.667068330346666,6.429387610693167,25.012,1.667453589166666,12.50644619602467,-0.595320887,1.772335981485536,-0.275062584,2.417242464788707,1.961,99.49264332825976
2025/2/12,1.962233801666666,7.667588698069668,6.426214934977585,25,1.666653008,12.50170596298835,-0.59719508,1.775339525603206,-0.273378733,2.415785156524778,1.96,99.44190766108574
2025/2/13,1.960478018333333,7.662747937347584,6.419228805294001,24.966,1.664386281666666,12.48415865384615,-0.60256567,1.778961764701442,-0.264726336,2.407879845505598,1.961,99.49264332825976
2025/2/14,1.962115981666666,7.667838347598499,6.424162122392583,24.99,1.665986159166666,12.49616735253772,-0.601255886,1.78079792332164,-0.268102703,2.410781776685367,1.961,99.49264332825976
2025/2/15,1.962335418,7.66864872,6.424332226577416,24.991,1.666052865833333,12.49475102880658,-0.600791676,1.780801599141803,-0.269180287,2.411787987355092,1.961,99.49264332825976
2025/2/16,1.96288162,7.670950460975249,6.42462379829375,24.992,1.66612033,12.49470781893005,-0.601435664,1.782721301581639,-0.269409531,2.412400175623434,1.967,99.7970573313039
2025/2/17,1.968770170833333,7.687902054545583,6.452135388894833,25.118,1.674521941666666,12.56734764826175,-0.584684948,1.776439247702217,-0.298940257,2.439008737177204,1.966,99.74632166412988
2025/2/18,1.965386870833333,7.678832208588833,6.43403402209475,25.035,1.668989806666666,12.51736369863014,-0.601488014,1.790320683257133,-0.274007891,2.416451915641463,1.963,99.59411466260781
2025/2/19,1.963826688333333,7.6744259680535,6.423302210714001,24.989,1.665923326666666,12.49166186556928,-0.605742882,1.792247336990891,-0.266455345,2.409704558204755,1.963,99.59411466260781
2025/2/20,1.963790285833333,7.674499716671834,6.426608053761999,25,1.666656392499999,12.50007333790268,-0.608836726,1.796479089621726,-0.262169616,2.405553692684609,1.962,99.54337899543378
2025/2/21,1.963121826666666,7.672662629211167,6.419181271875999,24.97,1.664657289166666,12.48183321894303,-0.611629327,1.799186481224046,-0.258046885,2.402126433566412,1.962,99.54337899543378
2025/2/22,1.963043089166666,7.67252107798425,6.419649966004667,24.971,1.664724453333333,12.48579478380233,-0.612711089,1.800683078496019,-0.257177098,2.401102901083528,1.962,99.54337899543378
2025/2/23,1.962979242499999,7.672482537910916,6.418766208803833,24.967,1.664458791666666,12.48065202470831,-0.613539663,1.801915247433252,-0.255749277,2.399790254977279,1.962,99.54337899543378
2025/2/24,1.962801545833333,7.6718845796665,6.419753041256582,24.97,1.664658527499999,12.48636650652024,-0.612232185,1.801107964276166,-0.258868879,2.402730884924783,1.964,99.64485032978183
2025/2/25,1.965698104166666,7.679994678530164,6.429699489673499,25.02,1.667992285833332,12.50939657534247,-0.603782602,1.796711158975131,-0.273087401,2.415479810393243,1.966,99.74632166412988
2025/2/26,1.965958159166666,7.680999602,6.430169753173999,25.022,1.668125113333332,12.51107328767123,-0.606036723,1.801644997031054,-0.271942101,2.41482990522989,1.964,99.64485032978183
2025/2/27,1.965141969166666,7.678715865624167,6.429353434608084,25.015,1.667658759999999,12.50785126799178,-0.60520116,1.799380222427524,-0.271711692,2.414753881278523,1.967,99.7970573313039
2025/2/28,1.968707518,7.689493136497502,6.442518566348834,25.077,1.671792209166666,12.53904716336296,-0.598993627,1.801374004791322,-0.286465793,2.428233450828331,1.968,99.84779299847793
2025/3/1,1.968957188333333,7.690129628745584,6.4418277004825,25.076,1.671726621666666,12.53737252221463,-0.601241622,1.804423073098407,-0.283368595,2.425089757127765,1.967,99.7970573313039
2025/3/2,1.967192656666666,7.685173838413333,6.433086725082084,25.036,1.6690609,12.51735934291581,-0.606983436,1.807800344396427,-0.273398037,2.415813859649115,1.967,99.7970573313039
2025/3/3,1.967471973,7.686262974083251,6.4296440305105,25.024,1.668261220833333,12.51082739726028,-0.611880263,1.817328090680966,-0.269269109,2.412255641205323,1.964,99.64485032978183
2025/3/4,1.964837605833333,7.678458518377083,6.422818198016083,24.988,1.665860288333333,12.49566049382716,-0.613043962,1.81172586460825,-0.263901248,2.407686904761903,1.964,99.64485032978183
2025/3/5,1.964753110833333,7.678820810667666,6.416813865724749,24.964,1.664259989166666,12.48654052197802,-0.621537443,1.823070340508093,-0.253413185,2.397350854551791,1.964,99.64485032978183
2025/3/6,1.964284541666667,7.67692286594975,6.41968641005225,24.974,1.66492755,12.4852676733013,-0.616993315,1.817206230875589,-0.258889614,2.403128531468525,1.963,99.59411466260781
2025/3/7,1.963707153,7.675262304354167,6.414008854810916,24.951,1.663393636666667,12.47884810996563,-0.618762255,1.819058987106131,-0.25702388,2.401701538461532,1.962,99.54337899543378
2025/3/8,1.96299764,7.673238063775001,6.413004464760251,24.944,1.662927254166667,12.47216357388317,-0.619925555,1.819263276131599,-0.25478947,2.399729769392031,1.962,99.54337899543378
2025/3/9,1.963360065833333,7.673973132,6.415300875004499,24.955,1.663661171666667,12.47611538461538,-0.618956289,1.819946484460471,-0.256126225,2.400588784067079,1.965,99.69558599695586
2025/3/10,1.966815240833333,7.683899249619001,6.426947883055668,25.013,1.667525884166667,12.50519259766963,-0.607862882,1.813712540294459,-0.275835889,2.418566537785584,1.968,99.84779299847793
2025/3/11,1.968550183333333,7.689360883949167,6.432966087944334,25.041,1.66939348,12.5217885010267,-0.609230172,1.821520422811734,-0.278106645,2.420373155305693,1.967,99.7970573313039
2025/3/12,1.967812293333333,7.687100840302333,6.429598321997166,25.026,1.66839196,12.51568767123288,-0.609479512,1.82130259965044,-0.277911025,2.420256590509652,1.967,99.7970573313039
2025/3/13,1.9676968,7.686736112537666,6.426353462005249,25.014,1.667590811666666,12.50600959561343,-0.612004745,1.824427210484505,-0.274508396,2.417282619382013,1.967,99.7970573313039
2025/3/14,1.967502866666667,7.6864724804915,6.4263417769935,25.012,1.667457141666667,12.50859711736445,-0.614100547,1.827839562766409,-0.27245611,2.415342832044972,1.966,99.74632166412988
2025/3/15,1.966689046666666,7.684038740035668,6.421449353101083,24.991,1.666057874166667,12.49514217032967,-0.6143987,1.826929205556254,-0.271486771,2.414691637385795,1.965,99.69558599695586
2025/3/16,1.966150895,7.68287204893525,6.41805495937225,24.975,1.664989344166666,12.48718969072165,-0.619805337,1.832970353260144,-0.264195278,2.407961444093917,1.965,99.69558599695586
2025/3/17,1.96600293,7.682513703764167,6.41719406722175,24.971,1.664721739166666,12.485335395189,-0.621032325,1.834979608226711,-0.26265233,2.406457092819597,1.965,99.69558599695586
2025/3/18,1.9655611,7.680920721415417,6.411299311625584,24.949,1.6632555,12.47381980742779,-0.621864132,1.836468136528865,-0.261091063,2.405234593837519,1.964,99.64485032978183
2025/3/19,1.965116909999999,7.679742804232251,6.411705071516501,24.948,1.663188420833333,12.47310805230558,-0.624411513,1.838260521044988,-0.258076569,2.401931315605305,1.964,99.64485032978183
2025/3/20,1.964395243333333,7.67738628693625,6.406216474020416,24.926,1.661721153333333,12.46324586776861,-0.625856363,1.839308743754525,-0.255158611,2.399736888111875,1.963,99.59411466260781
2025/3/21,1.964529818333333,7.677480760856749,6.409379911645417,24.939,1.662586626666666,12.46974879559532,-0.621273814,1.835052481056105,-0.262204557,2.406013950227816,1.964,99.64485032978183
2025/3/22,1.965391946666666,7.679931013486417,6.413804722014667,24.959,1.663918940833333,12.48055089408528,-0.619857272,1.836367126589432,-0.26593301,2.409449614035072,1.965,99.69558599695586
2025/3/23,1.966254109999999,7.683127246499083,6.412544174455666,24.956,1.663719536666666,12.47762654745529,-0.621942453,1.840516643991256,-0.264582372,2.408356256572011,1.971,100
2025/3/24,1.972178143333333,7.699016056,6.443022477960667,25.097,1.673117405,12.54838303693571,-0.605057692,1.839691916520266,-0.29902133,2.43911532743361,1.969,99.89852866565195
2025/3/25,1.969242875833332,7.69091749994625,6.429335100769167,25.033,1.668851717499999,12.5164170096022,-0.615735874,1.845283021090621,-0.279999673,2.422131267605611,1.966,99.74632166412988
2025/3/26,1.966253735833333,7.682213139875499,6.412467536175583,24.959,1.663918792499999,12.48105020632737,-0.621079758,1.84483308260913,-0.269064164,2.412270365168523,1.964,99.64485032978183
2025/3/27,1.965114535833333,7.679078896790333,6.409637272,24.943,1.662852168,12.47219958706126,-0.627245455,1.849744978952776,-0.259149731,2.403069373468653,1.963,99.59411466260781
2025/3/28,1.963792730833333,7.675179137088834,6.402888705038166,24.913,1.660851928,12.45760785665059,-0.630017298,1.851862598374167,-0.255773446,2.400509062281302,1.962,99.54337899543378
2025/3/29,1.963070624166666,7.672689901334499,6.402311240789166,24.909,1.660585333,12.45465747760166,-0.627119662,1.847459298884639,-0.258845165,2.403126769446378,1.961,99.49264332825976
2025/3/30,1.962281904166666,7.67085802436925,6.394275345729667,24.875,1.65831951,12.43824499654935,-0.636576834,1.85752073248119,-0.245179858,2.390519665271951,1.961,99.49264332825976
2025/3/31,1.961707758333333,7.668809079477167,6.389875667936501,24.858,1.657185313333333,12.43066367403316,-0.635433396,1.855940577448583,-0.246672827,2.392318848167517,1.96,99.44190766108574
2025/4/1,1.961109352499999,7.666734915218751,6.389475526665916,24.855,1.656985499166666,12.42724861878454,-0.633507074,1.85285244433087,-0.248462587,2.394079804332615,1.96,99.44190766108574
2025/4/2,1.960938703,7.666603773204583,6.389217478152251,24.852,1.656785029166667,12.42596823204419,-0.639930303,1.862089683311531,-0.240951612,2.386758934169254,1.959,99.39117199391173
2025/4/3,1.960228304166666,7.664058641033165,6.383213658523584,24.829,1.655250953333333,12.4146908713693,-0.637892887,1.858275876619341,-0.243410949,2.389259979064881,1.96,99.44190766108574
2025/4/4,1.961116700833333,7.666427781024833,6.3894099056165,24.856,1.657050444166666,12.42701035911603,-0.63571291,1.859662091847166,-0.248940477,2.394187770789637,1.959,99.39117199391173
2025/4/5,1.959966144166666,7.663236153507249,6.379847406968667,24.816,1.654383096666666,12.40910442600276,-0.636017312,1.857738833446019,-0.24755573,2.3933258211041,1.96,99.44190766108574
2025/4/6,1.961261634166666,7.666235264639999,6.390284585349916,24.862,1.657449570833333,12.43168715469613,-0.62958125,1.854441366517013,-0.258818423,2.403877333333306,1.96,99.44190766108574
2025/4/7,1.961275964166666,7.666577243263083,6.384403644140749,24.84,1.655982322499999,12.42144160331721,-0.635956989,1.86331615093904,-0.250735223,2.39587006993005,1.96,99.44190766108574
2025/4/8,1.960257204166666,7.663721136,6.380226558320167,24.82,1.654649048333333,12.40988381742739,-0.640636366,1.867456422618528,-0.243438962,2.389058458318772,1.959,99.39117199391173
2025/4/9,1.959928843,7.662673398281333,6.381960579433333,24.825,1.654983100833333,12.41415214384509,-0.641978428,1.869708351608051,-0.24259883,2.388127903732098,1.958,99.34043632673769
2025/4/10,1.958527021666666,7.658733103544666,6.367385806188748,24.766,1.651049013333333,12.38314968814969,-0.648668093,1.8759835621458,-0.232337339,2.378973096975987,1.957,99.28970065956368
2025/4/11,1.957479163,7.655592119991916,6.36976515354575,24.77,1.651316288333333,12.38585446985448,-0.647081672,1.873031135042027,-0.235059307,2.381435341225603,1.956,99.23896499238964
2025/4/12,1.956285374166667,7.6514339811815,6.365573333584999,24.752,1.650114368333333,12.375133148405,-0.645348899,1.869240136884773,-0.235678755,2.382543569187845,1.955,99.18822932521563
2025/4/13,1.955550080833333,7.649329336927666,6.361798523,24.735,1.648981682499999,12.36506106870229,-0.650411257,1.874672490000794,-0.228178169,2.375009454292643,1.954,99.13749365804159
2025/4/14,1.954582116666666,7.646627476315333,6.353920046043833,24.702,1.646781111666666,12.3509041000695,-0.6540183,1.877764954222634,-0.223005954,2.370433078792057,1.956,99.23896499238964
2025/4/15,1.957207219166667,7.653967224711333,6.364514206901251,24.753,1.650179936666667,12.375286407767,-0.64718823,1.876112141904348,-0.236362253,2.382844181184641,1.958,99.34043632673769
2025/4/16,1.958700361666666,7.657729192739583,6.37151489322825,24.787,1.652444519166666,12.39257340720223,-0.643015571,1.8756325939379,-0.244855054,2.390485958784459,1.958,99.34043632673769
2025/4/17,1.959081673333333,7.6588636918685,6.372173385,24.791,1.652712859166666,12.39578324099723,-0.643321278,1.878742014630516,-0.246202497,2.392103005941947,1.958,99.34043632673769
2025/4/18,1.958472529166666,7.656695226595249,6.371435628360082,24.787,1.652444424166666,12.39348614958449,-0.640221454,1.87398525782333,-0.250036347,2.395361008050365,1.958,99.34043632673769
2025/4/19,1.959055496666666,7.658245591610666,6.373902203934833,24.799,1.653245537499999,12.39714394463668,-0.639945085,1.877432486359213,-0.253176271,2.398034325744276,1.957,99.28970065956368
2025/4/20,1.957846758333333,7.654470469839999,6.3640004257835,24.759,1.650578149166666,12.37823717059639,-0.644161832,1.880196811894171,-0.245551216,2.391028041958015,1.956,99.23896499238964
2025/4/21,1.956605445,7.650748014953082,6.358773700586666,24.735,1.648978393,12.3681998612075,-0.64621561,1.880623079643845,-0.242228213,2.387953056234686,1.955,99.18822932521563
2025/4/22,1.955813680833333,7.648493668109417,6.355649191981249,24.72,1.647979186666666,12.35952152777779,-0.649710323,1.884304757996798,-0.237458476,2.383602546215528,1.955,99.18822932521563
2025/4/23,1.955243003333333,7.646601739517834,6.354187872174584,24.713,1.647511251666666,12.35647638888889,-0.650949775,1.886140699631643,-0.235974969,2.382385460251014,1.954,99.13749365804159
2025/4/24,1.954598830833333,7.644651803879666,6.347381136539583,24.686,1.645710738333333,12.3424040333797,-0.653795178,1.888672736641042,-0.232024247,2.378700208986384,1.953,99.08675799086758
2025/4/25,1.954024536666666,7.642806205115834,6.348512420034999,24.688,1.645845434999999,12.34442420027816,-0.655994908,1.892028379194859,-0.229490196,2.376092377305918,1.952,99.03602232369354
2025/4/26,1.95311002,7.640138420928083,6.342964046800583,24.664,1.644245068333333,12.33254001391789,-0.658639007,1.894453497931314,-0.225559221,2.373003755215544,1.953,99.08675799086758
2025/4/27,1.954561423333333,7.643625271249918,6.35155474180325,24.704,1.646911301666666,12.35153856845031,-0.651338404,1.888513551637257,-0.236591242,2.382645603628722,1.955,99.18822932521563
2025/4/28,1.956628761666666,7.649129406741999,6.357336013023916,24.736,1.649044018333333,12.36890006939626,-0.644780989,1.886942747732226,-0.249969586,2.395235178696529,1.956,99.23896499238964
2025/4/29,1.957193623333333,7.650529648570499,6.360838941716583,24.752,1.650109748333333,12.37409500693482,-0.64521174,1.890588042247238,-0.251604656,2.396341310441441,1.955,99.18822932521563
2025/4/30,1.955955821666666,7.646533326074666,6.352799853323584,24.719,1.647909161666667,12.35869861111111,-0.646242208,1.889206395029281,-0.248561283,2.393722311733755,1.956,99.23896499238964
2025/5/1,1.956610159166666,7.648085099869083,6.360004295870833,24.749,1.649909555833333,12.37492718446602,-0.642395914,1.887788735587202,-0.256288821,2.400804529494346,1.955,99.18822932521563
2025/5/2,1.956045796666666,7.646021677315749,6.356674535000333,24.736,1.649043686666666,12.36855863983346,-0.642056452,1.887689787158205,-0.256957487,2.401409803232564,1.955,99.18822932521563
2025/5/3,1.955674684166667,7.644661445958083,6.356306800021583,24.734,1.648909003,12.36904094378904,-0.641643949,1.887486962423925,-0.258341752,2.402817405063253,1.954,99.13749365804159
2025/5/4,1.954875389166667,7.642328716643833,6.348096049249166,24.701,1.646710014166667,12.35097915218903,-0.644577339,1.88945669155084,-0.252764116,2.397527939627901,1.953,99.08675799086758
2025/5/5,1.953990569166666,7.639430079571166,6.348073533508417,24.698,1.646510493333333,12.34822237665045,-0.644766447,1.889378227708987,-0.253299421,2.398260976466415,1.953,99.08675799086758
2025/5/6,1.953543655833333,7.638030386334499,6.340152902285165,24.668,1.644510474166666,12.33293528183716,-0.646313724,1.890815866409578,-0.250415799,2.395738083538047,1.952,99.03602232369354
2025/5/7,1.953040099166667,7.636358675698249,6.340039557817917,24.666,1.64437788,12.33210647181629,-0.647866045,1.892396462903103,-0.248274757,2.393521501227605,1.952,99.03602232369354
2025/5/8,1.952628743333333,7.63504806094825,6.336535750405333,24.652,1.643444523,12.32594777158774,-0.650427163,1.895706978170193,-0.245668159,2.39118829302485,1.951,98.98528665651953
2025/5/9,1.951675198,7.632412046829999,6.332309197925833,24.632,1.642112393,12.31591916376307,-0.652707973,1.898616374341472,-0.242372017,2.388383432574397,1.951,98.98528665651953
2025/5/10,1.952485143333333,7.633328350168584,6.34018045635375,24.669,1.64457791,12.33416283924843,-0.642212876,1.886902993794318,-0.25721746,2.401964014084468,1.951,98.98528665651953
2025/5/11,1.952200049166666,7.63249151882275,6.334943467901333,24.649,1.643245028,12.32371657381615,-0.645029221,1.891502839480299,-0.254123305,2.39913939500524,1.951,98.98528665651953
2025/5/12,1.952347690833333,7.632515488964582,6.338826734620666,24.665,1.644311823333333,12.33248990953375,-0.643459223,1.891021259893006,-0.257531335,2.402139436619678,1.952,99.03602232369354
2025/5/13,1.952633408,7.632992007985666,6.340064857542167,24.672,1.644778900833333,12.33564996520528,-0.642921033,1.892500091731969,-0.259853189,2.404387451533269,1.951,98.98528665651953
2025/5/14,1.951881706666666,7.630729417134249,6.335640726819916,24.653,1.64351246,12.32572632311978,-0.645505838,1.89456817786627,-0.255656699,2.400241992256209,1.951,98.98528665651953
2025/5/15,1.951227400833333,7.628419389001083,6.335237809334916,24.65,1.643312249166666,12.32342409470752,-0.644650671,1.892973886476039,-0.256592141,2.401456956674844,1.95,98.93455098934551
2025/5/16,1.95070715,7.626741944178665,6.330992322575833,24.633,1.642180684166666,12.31530940766551,-0.649018259,1.898363315113729,-0.250706321,2.395715465729308,1.949,98.88381532217149
2025/5/17,1.949503133333333,7.623780317662835,6.323852125427584,24.6,1.639981855833333,12.30039567341242,-0.654556795,1.903614421426964,-0.243107578,2.388919116099581,1.948,98.83307965499746
2025/5/18,1.94854275,7.620703895465833,6.317811345465833,24.575,1.63831548,12.28701117318436,-0.657585287,1.906385171730755,-0.238165238,2.384329201680645,1.947,98.78234398782344
2025/5/19,1.947412215,7.617343482791167,6.311920836,24.549,1.636582723333333,12.27477832167833,-0.660222195,1.908403550228293,-0.23476,2.381410290514498,1.946,98.73160832064941
2025/5/20,1.946505693333333,7.614453716859916,6.307799445877833,24.531,1.635382809166666,12.2660020993702,-0.663383155,1.911440910293964,-0.230305528,2.377030094372566,1.945,98.68087265347539
2025/5/21,1.946138011666666,7.612788659671583,6.30627984825025,24.526,1.63504955,12.26270958712385,-0.65655427,1.901307293716795,-0.238321767,2.384529488078508,1.947,98.78234398782344
2025/5/22,1.949101618333333,7.620726179622583,6.321367818500166,24.596,1.639715623333333,12.29763642707606,-0.650522545,1.901493367859417,-0.250793822,2.395642314456528,1.949,98.88381532217149
2025/5/23,1.950472941666666,7.623893101244499,6.32969253902425,24.635,1.64231513,12.31695331010453,-0.645224606,1.900577269638422,-0.261523219,2.405370596540735,1.948,98.83307965499746
2025/5/24,1.948769133333333,7.61917211405075,6.319811399848583,24.591,1.639382645,12.29524720670391,-0.651599135,1.905781474456611,-0.25163817,2.39666827464786,1.948,98.83307965499746
2025/5/25,1.948456351666667,7.617797881188251,6.3191939383615,24.589,1.639249885833333,12.29526885474861,-0.650457392,1.904683454939742,-0.253628289,2.398069344608843,1.947,98.78234398782344
2025/5/26,1.947181885,7.61412764567825,6.311924431079916,24.557,1.637118543,12.28005241090147,-0.654983119,1.908260321226626,-0.246865174,2.391928963093118,1.946,98.73160832064941
2025/5/27,1.946913498,7.612740083534584,6.308867552642334,24.547,1.636452533333333,12.27231468531468,-0.654659841,1.90835484401719,-0.247673148,2.392803341540606,1.946,98.73160832064941
2025/5/28,1.946434115833333,7.611050015536999,6.308349592444667,24.544,1.636252259166666,12.27053706293706,-0.653420512,1.907263587341891,-0.249618464,2.394860985915467,1.944,98.63013698630137
2025/5/29,1.945112805833333,7.607209087517084,6.300540820668418,24.51,1.633986219166666,12.25622549019608,-0.657271628,1.908613951866206,-0.242115653,2.388005621925485,1.944,98.63013698630137
2025/5/30,1.944198568,7.60437307878825,6.298186644505916,24.498,1.633186857499999,12.24912824106517,-0.660368742,1.911953595607779,-0.238416191,2.384279571779556,1.943,98.57940131912734
2025/5/31,1.943414289166666,7.601989635050666,6.293494419710584,24.478,1.631852658333333,12.23854137447405,-0.662566249,1.914034612487499,-0.235376471,2.381779270431406,1.942,98.52866565195332
2025/6/1,1.942285009166666,7.598333533182833,6.288141560999249,24.455,1.630319473333333,12.22797894736842,-0.663058585,1.914173757642794,-0.233885497,2.380949351104862,1.941,98.4779299847793
2025/6/2,1.941774693333333,7.597028924890584,6.283661223294416,24.436,1.629052816666666,12.21639185393258,-0.665910645,1.916460655137979,-0.230204736,2.376930893169858,1.942,98.52866565195332
2025/6/3,1.943566383333333,7.601155681474333,6.292297057773583,24.479,1.631918026666666,12.23891164095372,-0.656432673,1.907360379106509,-0.244604392,2.390258535726836,1.946,98.73160832064941
2025/6/4,1.947700071666666,7.6117589767355,6.317172043260666,24.592,1.639449519166666,12.29377739009072,-0.636773671,1.894368888087401,-0.277565176,2.420638691322877,1.949,98.88381532217149
2025/6/5,1.950223449166666,7.618178424611167,6.328954108702083,24.649,1.643249835833333,12.32366782729805,-0.631078806,1.89677823406895,-0.290282575,2.431925553176279,1.949,98.88381532217149
2025/6/6,1.949406229166666,7.615781557326667,6.326628618842834,24.637,1.642449981666666,12.31905574912891,-0.635009178,1.902733103185787,-0.286796958,2.428802496433637,1.947,98.78234398782344
2025/6/7,1.947704815833333,7.61064920830625,6.31716492858775,24.596,1.639716995833333,12.29754501046755,-0.637584503,1.900393736890125,-0.280467232,2.422903951584173,1.946,98.73160832064941
2025/6/8,1.946611314999999,7.607350370774084,6.313696968541084,24.579,1.638583548333333,12.28915432960894,-0.639836861,1.901109395003515,-0.276154073,2.418986948790875,1.945,98.68087265347539
2025/6/9,1.945748704999999,7.604592200428499,6.309802765788668,24.562,1.637450588333333,12.28032634521313,-0.642006532,1.902324371086793,-0.272198829,2.415242948490209,1.944,98.63013698630137
2025/6/10,1.945050109166666,7.602347059380583,6.302933350218582,24.535,1.635650835833333,12.26691952414276,-0.643980048,1.903964084970094,-0.269538971,2.412947336647703,1.944,98.63013698630137
2025/6/11,1.944338714999999,7.600307352446082,6.301637564066083,24.527,1.63511666,12.26245486354093,-0.646822937,1.906319283587958,-0.265071118,2.408440801134321,1.943,98.57940131912734
2025/6/12,1.943629094999999,7.597881422174749,6.299398290251917,24.517,1.634451485833333,12.25925700280112,-0.64630472,1.905032210851853,-0.265689631,2.409498367636593,1.942,98.52866565195332
2025/6/13,1.942928050833333,7.595385397577083,6.293965396088083,24.496,1.633051185833333,12.2473258584443,-0.64549433,1.903959997291595,-0.266692664,2.410714666193162,1.942,98.52866565195332
2025/6/14,1.942607999166666,7.59431353031225,6.294237381548751,24.496,1.633051089999999,12.24784442887177,-0.648744089,1.907259134632099,-0.262033269,2.405903580290656,1.941,98.4779299847793
2025/6/15,1.942049280833333,7.592325736284999,6.290673654389832,24.482,1.632117125833333,12.24126858345021,-0.6453313,1.902620411431891,-0.267076927,2.411157213930323,1.942,98.52866565195332
2025/6/16,1.942589183333333,7.593417735684334,6.294260681,24.499,1.63325107,12.25111212333567,-0.644697851,1.90432096669658,-0.269076836,2.412660113757531,1.941,98.4779299847793
2025/6/17,1.942247069166666,7.592458601855834,6.293896728080499,24.496,1.633050912499999,12.24753048353189,-0.647681547,1.908090410161327,-0.26528842,2.408916861909805,1.941,98.4779299847793
2025/6/18,1.941951071666666,7.59129396516425,6.288649926759916,24.477,1.631782624166666,12.23829032258064,-0.646191526,1.90592958586638,-0.267072195,2.410394777975104,1.941,98.4779299847793
2025/6/19,1.940964718,7.588136267669499,6.284881886198333,24.46,1.630651125,12.22983649122808,-0.64949592,1.909549580338698,-0.262836576,2.406608516678469,1.939,98.37645865043126
2025/6/20,1.939342073,7.58364483614675,6.27376477991775,24.412,1.627450929166666,12.20724964838257,-0.65544486,1.913254373194505,-0.252784383,2.397582377919296,1.938,98.32572298325722
2025/6/21,1.938428263333333,7.580980271626251,6.26961479431375,24.393,1.626183640833333,12.19555102040817,-0.658174496,1.915129868379431,-0.248820404,2.394072499116269,1.937,98.27498731608321
2025/6/22,1.937975863,7.57959522418425,6.265094919874084,24.375,1.6249845,12.18908169014084,-0.659959388,1.917780991044856,-0.247313243,2.392659222614815,1.937,98.27498731608321
2025/6/23,1.9372525,7.577389281229918,6.264803830352417,24.371,1.624717521666666,12.18568732394366,-0.663229288,1.920796538707174,-0.241141133,2.38699802538785,1.936,98.22425164890917
2025/6/24,1.936293415833333,7.57409520493075,6.258538151728249,24.346,1.623050322499999,12.17343794076163,-0.662582683,1.918532912387686,-0.241924111,2.387570773032093,1.935,98.17351598173516
2025/6/25,1.935594132499999,7.572146384047417,6.253933282884583,24.326,1.621718815,12.16305434015526,-0.665915295,1.922239405826406,-0.237390328,2.383594924215696,1.934,98.12278031456113
2025/6/26,1.934960953,7.569999547682249,6.25359706444975,24.323,1.621517192499999,12.16114114326042,-0.665572258,1.921358021984741,-0.237758212,2.383926586741869,1.934,98.12278031456113
2025/6/27,1.93424083,7.567578744623834,6.249721202417499,24.307,1.620450675833333,12.15378248587571,-0.667651463,1.923223694764401,-0.234886534,2.38131927413669,1.933,98.07204464738712
2025/6/28,1.933691989166666,7.565783974392833,6.250816024918834,24.309,1.620589532499999,12.15439124293786,-0.667594371,1.922435922788214,-0.234227877,2.380402008456644,1.932,98.02130898021308
2025/6/29,1.933095384166666,7.563840302105667,6.246334277307666,24.291,1.619388769166666,12.14646855123675,-0.669496422,1.924383607222329,-0.2324901,2.378976505811891,1.932,98.02130898021308
2025/6/30,1.932768303,7.562412409401666,6.241807534542499,24.275,1.618323865833333,12.1326711173577,-0.66782197,1.922700530126856,-0.234331453,2.380767799579522,1.931,97.97057331303907
2025/7/1,1.932155006666666,7.560543658636167,6.23859277653125,24.261,1.617389997499999,12.12765119549928,-0.669534526,1.923294081950056,-0.231215359,2.377907703081215,1.931,97.97057331303907
2025/7/2,1.93149477,7.558327119670084,6.231587923076169,24.234,1.615589506666666,12.11700281690142,-0.671868087,1.926323431465752,-0.228419991,2.375768498424907,1.93,97.91983764586504
2025/7/3,1.930864020833333,7.556500562149666,6.23380817130075,24.239,1.615922641666666,12.11929134412386,-0.674561082,1.929049036965435,-0.22407069,2.37165978336826,1.93,97.91983764586504
2025/7/4,1.930404233333333,7.5550753707485,6.232076942109584,24.231,1.615389728333333,12.11599084507043,-0.678876749,1.935288309076615,-0.219892145,2.367440230286096,1.929,97.86910197869102
2025/7/5,1.929797761666666,7.553075278027582,6.227302963,24.212,1.614122706666666,12.10672868217055,-0.678194677,1.932949554472377,-0.219925087,2.367467469458969,1.929,97.86910197869102
2025/7/6,1.929191588333333,7.551082955738416,6.225613748686584,24.204,1.613588670833333,12.09953488372093,-0.678683488,1.933176393990315,-0.219610752,2.36718021632936,1.928,97.818366311517
2025/7/7,1.928483703333333,7.548644430009666,6.220827310551416,24.185,1.612321500833333,12.08783286318759,-0.679183923,1.933538002378771,-0.217145485,2.364829926752685,1.927,97.76763064434297
2025/7/8,1.927942338333333,7.546862143388751,6.220200130030918,24.181,1.612055419166667,12.09612288135594,-0.680987442,1.935196741498652,-0.216628805,2.364322346368692,1.927,97.76763064434297
2025/7/9,1.927223061666666,7.544428187666417,6.21602657458575,24.164,1.610922033,12.08376059322034,-0.680637996,1.933711394826086,-0.216509998,2.364379511343787,1.926,97.71689497716895
2025/7/10,1.926699271666666,7.542685470652334,6.214517780401168,24.157,1.610453919166666,12.08129519774012,-0.682655912,1.936480589962931,-0.213658942,2.361708577405841,1.926,97.71689497716895
2025/7/11,1.926462843333333,7.542131916030916,6.211604322998166,24.145,1.609655474999999,12.07110459363957,-0.68670378,1.942060180752261,-0.208595723,2.357060598677325,1.925,97.66615930999492
2025/7/12,1.925864900833333,7.539870046569417,6.206253514966417,24.125,1.608321880833333,12.06312526539278,-0.684948242,1.939756483425711,-0.211232423,2.359740355772569,1.924,97.6154236428209
2025/7/13,1.925100020833333,7.537329165066332,6.204678837,24.117,1.607787305833333,12.05822576079264,-0.685179799,1.938332036535174,-0.210265219,2.358908995815879,1.924,97.6154236428209
2025/7/14,1.924855554999999,7.536352295,6.205292596425499,24.119,1.607921610833333,12.05426397735315,-0.686422557,1.940475319997549,-0.208098898,2.356679303135866,1.924,97.6154236428209
2025/7/15,1.924460304166666,7.535142692057166,6.202100328856917,24.106,1.607054203333333,12.05255453257791,-0.686774831,1.940618511089415,-0.209021808,2.35745156903764,1.923,97.56468797564688
2025/7/16,1.923780265,7.532705998366835,6.201120259535917,24.101,1.606721006666666,12.04728328611898,-0.687112383,1.94097310985951,-0.207473785,2.356289403973493,1.923,97.56468797564688
2025/7/17,1.923386553333333,7.531529958166833,6.192921212364333,24.07,1.604654655833333,12.03574486180015,-0.690412841,1.944453072111468,-0.203539681,2.352190956521719,1.922,97.51395230847285
2025/7/18,1.922762835833333,7.529265932603668,6.190750855014667,24.061,1.604053388,12.03154042553191,-0.689124432,1.943314585168429,-0.205823266,2.354446341463393,1.921,97.46321664129883
2025/7/19,1.921751128333333,7.525892635600333,6.189666500115417,24.054,1.603587179166666,12.02424893617021,-0.690847674,1.943693824450433,-0.201615269,2.350466527487801,1.92,97.4124809741248
2025/7/20,1.920557077499999,7.522347569802832,6.181896138015166,24.021,1.601386783,12.01000071022728,-0.692830338,1.945341570970033,-0.198974343,2.348266991304323,1.919,97.36174530695078
2025/7/21,1.919311663333333,7.518464738206333,6.177083354,23.999,1.599919962499999,11.99919985775249,-0.699021369,1.951353939552174,-0.189947704,2.339688692334354,1.918,97.31100963977676
2025/7/22,1.918489673333333,7.515984596262916,6.172455300727417,23.979,1.59858641,11.9927359430605,-0.697812182,1.949251103517362,-0.191949164,2.341786349426866,1.917,97.26027397260275
2025/7/23,1.918218313333333,7.514935275013082,6.171703774489917,23.976,1.598386019166666,11.98784839857651,-0.69881722,1.950423338063869,-0.19015044,2.34001259979172,1.917,97.26027397260275
2025/7/24,1.917281409166667,7.512055522910834,6.164357049884501,23.946,1.596385300833333,11.97164372759858,-0.704008905,1.957300608833482,-0.183314058,2.333330651340972,1.916,97.20953830542871
2025/7/25,1.915820500833333,7.507593991660584,6.160992047631417,23.928,1.595185863333333,11.96387302725969,-0.705604892,1.957146070276196,-0.180288047,2.33081995125346,1.914,97.10806697108066
2025/7/26,1.915031874999999,7.5050658115095,6.153653919450667,23.899,1.593251761666666,11.95013577586207,-0.710198734,1.962879014647049,-0.174840704,2.32541654501214,1.914,97.10806697108066
2025/7/27,1.914136228,7.502350446098916,6.148259617661917,23.876,1.591718436666667,11.93747807332855,-0.713227546,1.965509957636599,-0.169543392,2.320745940319196,1.913,97.05733130390665
2025/7/28,1.913420204166666,7.500271587101667,6.14163291316525,23.849,1.589919191666666,11.9253798561151,-0.716081072,1.968429074108145,-0.165332922,2.316615656390688,1.912,97.00659563673261
2025/7/29,1.912376193,7.496686604072917,6.140191847803917,23.841,1.589385906666666,11.91879409647229,-0.715230092,1.967472399815864,-0.166971486,2.318559021512817,1.911,96.9558599695586
2025/7/30,1.911192806666666,7.493087641958166,6.132320625794417,23.808,1.587185306666666,11.9031997116078,-0.719354545,1.971913736206484,-0.160984774,2.313067959819863,1.91,96.90512430238456
2025/7/31,1.910323531666666,7.490781159765916,6.126946394305582,23.784,1.585585618,11.89303968253969,-0.727172213,1.981859676182768,-0.150708836,2.302954053121742,1.909,96.85438863521055
2025/8/1,1.909617619166666,7.48857884,6.125744245970667,23.777,1.585118240833333,11.88878700361011,-0.726723894,1.98027059876001,-0.151512051,2.303712499999979,1.909,96.85438863521055
2025/8/2,1.908801203333333,7.485793919245251,6.121349878192667,23.759,1.583918578333333,11.87975578034682,-0.727347131,1.980644927232705,-0.1500399,2.302809668508265,1.907,96.7529173008625
2025/8/3,1.907520875,7.481814389566749,6.115749865450667,23.734,1.582252575833333,11.86708098336949,-0.730394652,1.98322540059005,-0.144938541,2.297729438124767,1.907,96.7529173008625
2025/8/4,1.906634183333333,7.477931051595418,6.113064275825584,23.725,1.581651356666666,11.86355354558611,-0.72649795,1.977256242295838,-0.15037331,2.303373789764846,1.905,96.65144596651446
2025/8/5,1.904957708,7.473750709185166,6.102765246615334,23.678,1.578518514166666,11.83920957215373,-0.735747059,1.989983930517425,-0.138798205,2.292240372028909,1.904,96.60071029934043
2025/8/6,1.904247312499999,7.471476751910332,6.09844136180075,23.66,1.577319549166666,11.83199274310595,-0.739801432,1.994004772811505,-0.132389319,2.2859492783505,1.904,96.60071029934043
2025/8/7,1.903312933,7.468391805552333,6.096444299850166,23.65,1.576644545833333,11.82572641509434,-0.741237409,1.995422532440927,-0.130346956,2.283957314560406,1.902,96.49923896499239
2025/8/8,1.901994168,7.464009792115833,6.092566157622668,23.632,1.575446273,11.81844008714597,-0.743938926,1.998548300950392,-0.1260125,2.280142161234964,1.901,96.44850329781836
2025/8/9,1.90066198,7.459906438047667,6.085660634267416,23.602,1.573447235833333,11.80163345454545,-0.745885761,1.999687346834337,-0.1231253,2.277420850480076,1.899,96.34703196347031
2025/8/10,1.899078168333333,7.455069268413833,6.0773891868715,23.566,1.571045405,11.78387399854333,-0.749058882,2.00364678347441,-0.119305149,2.274005174777211,1.898,96.29629629629629
2025/8/11,1.897724443,7.450949822404583,6.071401035864334,23.539,1.569247443,11.76875419401896,-0.753533352,2.008815108505033,-0.112943632,2.267958980499452,1.896,96.19482496194824
2025/8/12,1.896195796666666,7.44628631568925,6.0639267527755,23.506,1.567048660833333,11.75457372262774,-0.758606439,2.015487179925703,-0.106723746,2.262012320819087,1.895,96.14408929477423
2025/8/13,1.894741178333333,7.441897320330416,6.053887098065999,23.464,1.564248504166666,11.73191587417703,-0.764823082,2.023881874236613,-0.098727662,2.254148825331945,1.894,96.0933536276002
2025/8/14,1.893449211666667,7.437805157037249,6.050465497788916,23.447,1.563116413,11.72299853587116,-0.768477486,2.028079425310292,-0.093340883,2.248967811012891,1.892,95.99188229325215
2025/8/15,1.89142472,7.431417952940917,6.03914826378425,23.399,1.559917573,11.70027586206897,-0.773211523,2.033517478755173,-0.086841862,2.243107162253876,1.89,95.8904109589041
2025/8/16,1.889865354166666,7.426835566265501,6.030479182,23.361,1.5573855,11.68017046289493,-0.780133323,2.043128760617232,-0.078120709,2.2347093401015,1.889,95.83967529173009
2025/8/17,1.888785033,7.423171607576332,6.027151708149082,23.346,1.556385130833333,11.67159926470588,-0.78180808,2.04468067812939,-0.075078228,2.231760737233655,1.887,95.73820395738204
2025/8/18,1.887166439166666,7.418081854166166,6.019621220547501,23.313,1.554185556666666,11.6565088365243,-0.785374931,2.049497278971165,-0.071057472,2.228275802636008,1.885,95.63673262303399
2025/8/19,1.885472434166666,7.412848418072832,6.011701870151665,23.278,1.551852099166666,11.63904424778761,-0.792543745,2.059750464459649,-0.061292163,2.218786123273808,1.884,95.58599695585997
2025/8/20,1.883680623,7.407372136442417,6.004510752307501,23.245,1.549652214166666,11.62256425406204,-0.796443352,2.064471685325186,-0.05636679,2.214181325706573,1.882,95.48452562151192
2025/8/21,1.882225304166667,7.402750545513252,5.994801978812166,23.205,1.546985850833333,11.6045599112426,-0.80119847,2.072287895486344,-0.051136175,2.209192677191786,1.881,95.4337899543379
2025/8/22,1.881373,7.400093985953167,5.990123375003499,23.185,1.545651944166666,11.59137379718727,-0.805079793,2.078142441255205,-0.046177178,2.204153268521607,1.88,95.38305428716387
2025/8/23,1.879760238333333,7.394934692894751,5.98445797375075,23.159,1.543918811666666,11.57843291326909,-0.807936893,2.081759696359117,-0.042878434,2.201583741200117,1.878,95.28158295281582
2025/8/24,1.878373029999999,7.390567834433249,5.978920156412999,23.134,1.542252993333333,11.56793768545994,-0.812921554,2.089385626613222,-0.036463263,2.195362876254164,1.877,95.2308472856418
2025/8/25,1.877076475,7.386280102564499,5.971395184514749,23.103,1.540185835,11.54969539375929,-0.816696749,2.094051279385497,-0.031018486,2.190002270450738,1.876,95.18011161846778
2025/8/26,1.875948985,7.382505454978666,5.967595579592833,23.086,1.539052669166666,11.54307211895911,-0.816759971,2.093573228710761,-0.030803172,2.190034480454373,1.875,95.12937595129375
2025/8/27,1.874660713,7.378386439894333,5.962726715294917,23.064,1.537585955,11.52996875,-0.819717557,2.098590406997017,-0.028055153,2.187426878130192,1.873,95.02790461694572
2025/8/28,1.873470795,7.374532673786583,5.955479188641416,23.034,1.535587703,11.51718330849479,-0.823686272,2.104720463301095,-0.023300944,2.182720140046662,1.872,94.9771689497717
2025/8/29,1.872485749166667,7.371190680616418,5.952068078239334,23.019,1.534586658,11.50947203579418,-0.826025849,2.107868127295285,-0.020319342,2.180004831722738,1.871,94.92643328259767
2025/8/30,1.871448266666666,7.367869190180667,5.947782208868167,23,1.533319556666666,11.50002611940299,-0.83025145,2.114767693637905,-0.015533037,2.175299434464387,1.87,94.87569761542365
2025/8/31,1.870889268,7.365793949796833,5.943015364790167,22.982,1.532119195,11.49188349514563,-0.829599383,2.114015443694937,-0.016977505,2.176918747918726,1.87,94.87569761542365
2025/9/1,1.869826594166666,7.361982188087667,5.939466211257333,22.967,1.531119724166666,11.48580792227205,-0.830830903,2.115868346050939,-0.01563932,2.175459074259051,1.868,94.7742262810756
2025/9/2,1.868475246666666,7.357808874085666,5.933970767358167,22.942,1.529453826666666,11.46999102468212,-0.835967944,2.124109398279611,-0.009484484,2.16952046511626,1.868,94.7742262810756
2025/9/3,1.868478035,7.357027016577249,5.933742601643583,22.944,1.529587460833333,11.47337920718025,-0.831553045,2.116978106156107,-0.015049361,2.175018854097245,1.867,94.72349061390157
2025/9/4,1.867606643333333,7.35378867083525,5.930800497464082,22.932,1.52878657,11.46629041916168,-0.830779321,2.115724979813333,-0.016336698,2.176716177451615,1.865,94.62201927955353
2025/9/5,1.865229366666667,7.346771240549083,5.918648190386584,22.878,1.525185955833333,11.43928432108027,-0.841395065,2.132316308087972,-0.003564687,2.163998937582982,1.864,94.5712836123795
2025/9/6,1.864380350833333,7.344528992046584,5.9110135709725,22.846,1.523053746666666,11.42248159278738,-0.847220289,2.142026235696163,0.0034346393311048,2.157743159986734,1.863,94.52054794520548
2025/9/7,1.862961686666667,7.339460123032834,5.90629593367375,22.826,1.52172017,11.41312406015038,-0.848062783,2.143529629036492,0.0038877082382218,2.157127070907864,1.861,94.41907661085743
2025/9/8,1.861527283,7.334564255038833,5.902385363009666,22.808,1.520521310833333,11.40502182091798,-0.849396012,2.145100882451247,0.0058137335998025,2.15536640159044,1.86,94.36834094368342
2025/9/9,1.860444034166666,7.33102394216825,5.893893000999083,22.774,1.518258935833333,11.38696834966089,-0.85408078,2.153528883060704,0.0101289397719531,2.151188517538041,1.859,94.31760527650938
2025/9/10,1.859379093333334,7.327434955940249,5.889458375200832,22.755,1.516993148,11.3789939668175,-0.856667549,2.157472196074884,0.0134166538465154,2.14805890909089,1.859,94.31760527650938
2025/9/11,1.860950541666666,7.334838923531917,5.881859219204751,22.725,1.514992528333333,11.36335196374623,-0.876358402,2.191573685936291,0.0373158967641532,2.124217281933999,1.862,94.46981227803147
2025/9/12,1.859035525833333,7.32778520376325,5.882844287,22.725,1.514992905,11.36216767371601,-0.871262279,2.182311801300321,0.0306960802436249,2.131095013123341,1.86,94.36834094368342
2025/9/13,1.859252914166666,7.328401258666751,5.8828374259655,22.726,1.515059849999999,11.37662123493976,-0.865344823,2.173221967640681,0.0205766709763638,2.14049007884361,1.86,94.36834094368342
2025/9/14,1.862229974166666,7.340674853756417,5.877844962103333,22.709,1.51392623,11.35222222222222,-0.88938492,2.214760602996135,0.0517967616732719,2.109779734111528,1.864,94.5712836123795
2025/9/15,1.861145670833333,7.336736424455666,5.873419427398666,22.691,1.512725775833333,11.34592813918305,-0.8888135,2.212446749665041,0.0511248890040905,2.110643979227505,1.863,94.52054794520548
2025/9/16,1.861389153333333,7.340141976,5.864889191439583,22.652,1.51012578,11.32525075757576,-0.907269277,2.244559109268949,0.0738743935898894,2.088242215088266,1.863,94.52054794520548
2025/9/17,1.860903445,7.33931016673275,5.859091322343083,22.627,1.508459675833333,11.31125341426404,-0.916097291,2.260669961606687,0.0838572279359819,2.078993188359433,1.863,94.52054794520548
2025/9/18,1.858698705833333,7.330936764221168,5.853267284947501,22.603,1.506860070833334,11.30142141230068,-0.913224309,2.255424001368798,0.0796187435433477,2.082983964079531,1.861,94.41907661085743
2025/9/19,1.857756080833333,7.327713451032917,5.850359788561167,22.59,1.50599194,11.29473480243161,-0.916436442,2.261454225734506,0.0834681396538427,2.07936501121434,1.86,94.36834094368342
2025/9/20,1.856365416666667,7.32295597807475,5.841918315008666,22.556,1.503727155833333,11.27834170471841,-0.916310725,2.260660469050932,0.0825099279794534,2.08076878408725,1.858,94.26686960933537
2025/9/21,1.855390021666667,7.319750698576334,5.833593985230333,22.523,1.501529370833333,11.26063643292682,-0.919447478,2.266138968709716,0.0861994344660488,2.076997340595955,1.858,94.26686960933537
2025/9/22,1.84970598,7.295982146332332,5.832562424729332,22.519,1.501260428,11.26212509476877,-0.902255141,2.238388279950257,0.0622905332366562,2.101372568659116,1.849,93.81024860476914
2025/9/23,1.847713395,7.289004917654251,5.8222072038735,22.477,1.49846484,11.23964758364312,-0.898208116,2.229747528191764,0.0579719291444001,2.105642902508726,1.848,93.75951293759513
2025/9/24,1.848059149166666,7.290756887687833,5.826425963063917,22.491,1.499396030833333,11.23953085501859,-0.89626323,2.226373142293568,0.0556281063198073,2.108071024173014,1.849,93.81024860476914
2025/9/25,1.847738190833333,7.288689358607833,5.81896690087525,22.467,1.497793734166666,11.23097093889718,-0.896236724,2.226672969846675,0.0558624141575542,2.107810187838254,1.848,93.75951293759513
2025/9/26,1.847455851666667,7.287352775107584,5.818239638488834,22.465,1.497656333333333,11.23453055141579,-0.890958898,2.217851614826357,0.0475533132316631,2.115819219699371,1.848,93.75951293759513
2025/9/27,1.847496320833333,7.287463903153499,5.816781942,22.46,1.49732426,11.23048399106479,-0.89891412,2.232502668335836,0.0558992999564247,2.107497487277336,1.846,93.65804160324707
2025/9/28,1.84466287,7.278418049419916,5.802017002815666,22.397,1.49312552,11.19347498132935,-0.907379054,2.246926520101304,0.066864410857348,2.097063094483179,1.845,93.60730593607305
2025/9/29,1.843035846666666,7.272950901484584,5.787162340071498,22.339,1.489262476666666,11.17293937125749,-0.911303273,2.253378681022141,0.0709930165981105,2.093173179227346,1.844,93.55657026889904
2025/9/30,1.842204313,7.270965887672084,5.79006837485175,22.344,1.489596641666667,11.1722670157068,-0.91888569,2.268091924619524,0.0784699106017964,2.086131366361615,1.842,93.45509893455099
2025/10/1,1.841277815,7.268013971274749,5.777304070287417,22.295,1.486330088333333,11.15009145427286,-0.9226487,2.274444171512895,0.0835112395911965,2.081329048519211,1.841,93.40436326737695
2025/10/2,1.840082190833333,7.264615408087916,5.776706028216584,22.287,1.485800363333333,11.14413578394598,-0.929542233,2.286488268791981,0.0913245392523134,2.073774835061251,1.84,93.35362760020294
2025/10/3,1.839130395,7.260905089467751,5.775017178250917,22.28,1.485333721666667,11.13914575507138,-0.927934991,2.28330573513333,0.0891258191373469,2.076066519685027,1.841,93.40436326737695
2025/10/4,1.840450734166666,7.264144077784833,5.778268576251917,22.3,1.486659829166667,11.1534463615904,-0.921219824,2.271847496478587,0.0807367287638444,2.084517435249515,1.841,93.40436326737695
2025/10/5,1.840294550833333,7.263337459016167,5.777269511261499,22.297,1.486458340833333,11.15454688672168,-0.923307078,2.276616557950446,0.0814275334820618,2.083751247237118,1.84,93.35362760020294
2025/10/6,1.838692823,7.258328437678167,5.765564142465333,22.249,1.483259264166667,11.12726671675432,-0.929873909,2.290188963328763,0.0881832733325766,2.07723198992442,1.838,93.2521562658549
2025/10/7,1.83571666,7.246460092997916,5.758051143629082,22.22,1.481322843,11.10874999999999,-0.919376931,2.270487740693039,0.0754685844088582,2.090155050825904,1.836,93.15068493150685
2025/10/8,1.835015326666667,7.243290373071332,5.755587467166083,22.212,1.480788760833333,11.1082281626506,-0.918296334,2.270326970390373,0.0721583274784668,2.093794304804309,1.833,92.99847792998477
2025/10/9,1.832566218333334,7.235406039345666,5.738693935144749,22.143,1.476192145,11.07113433962265,-0.927378951,2.284704795240476,0.0842488138558649,2.081399081987961,1.831,92.89700659563673
2025/10/10,1.830715670833333,7.229517650421249,5.728555757006334,22.1,1.473329099166667,11.04721709531015,-0.934350874,2.29863482702007,0.091408084837027,2.074611781427659,1.829,92.79553526128868
2025/10/11,1.828510700833333,7.222593878233083,5.72419687094175,22.076,1.471729795833333,11.03812348484847,-0.94667495,2.323042331511816,0.104935775378185,2.061644860106872,1.827,92.69406392694063
2025/10/12,1.826773335,7.217432219997583,5.712647174510835,22.027,1.468468595833333,11.01246130500759,-0.949990606,2.327695254315675,0.1088231928905142,2.058317430904514,1.826,92.6433282597666
2025/10/13,1.825033395833333,7.211870001199583,5.697289243748334,21.966,1.464396695,10.98338584474887,-0.962890759,2.352464390628426,0.1231656791031867,2.044063690290348,1.824,92.54185692541856
2025/10/14,1.823253328,7.205938244018417,5.690450876143333,21.936,1.462401064166667,10.96798629093678,-0.967000362,2.361375634168073,0.12735411618995,2.04022061116307,1.822,92.44038559107052
2025/10/15,1.821961765,7.201640459149166,5.685113637702417,21.913,1.460862353,10.95888015267176,-0.970066472,2.36715453505931,0.1299673929138038,2.038056599063951,1.824,92.54185692541856
2025/10/16,1.824120138333333,7.207125870007668,5.698536788222334,21.974,1.464921881666666,10.96388311688312,-0.950620921,2.329549320419969,0.1097200686220979,2.057633796588736,1.825,92.59259259259258
2025/10/17,1.823910248,7.205768414200666,5.695814628025333,21.966,1.464387455833333,10.98406387832699,-0.958872745,2.347854306747367,0.1152296950195058,2.052619999999977,1.823,92.49112125824453
2025/10/18,1.822057190833333,7.199815117822582,5.68954588067525,21.937,1.462456270833333,10.9722149390244,-0.967779337,2.36551491025626,0.1244325617473874,2.043662320200111,1.821,92.38964992389649
2025/10/19,1.819450938,7.191019156068917,5.671844312117416,21.866,1.457726476666666,10.93726911314984,-0.975387277,2.380340035022608,0.1321503108647627,2.03639248049921,1.819,92.28817858954844
2025/10/20,1.818685881666666,7.188139780122584,5.6651482107705,21.841,1.456055706666667,10.92088829380261,-0.973911191,2.377629178693685,0.1304035134277332,2.038439381636462,1.82,92.33891425672248
2025/10/21,1.819903390833333,7.190391316594833,5.680735519581999,21.907,1.460452775,10.9509250764526,-0.962448623,2.355785390529183,0.1172073178396575,2.050966677155421,1.819,92.28817858954844
2025/10/22,1.817903533,7.183579665193499,5.666084124,21.849,1.456584505,10.92609104820199,-0.96749228,2.366603602550573,0.1216196554652609,2.047033364720632,1.815,92.08523592085236
2025/10/23,1.814391066666667,7.172061249252749,5.653128626208583,21.791,1.452723824166667,10.89538556067589,-0.976094899,2.38286631719696,0.1301318582981417,2.038193607019723,1.812,91.93302891933028
2025/10/24,1.812047014166667,7.164445944294166,5.643893861195416,21.75,1.449992963333333,10.87254342813221,-0.981930842,2.392663722816108,0.1386963636331005,2.029984134915664,1.81,91.83155758498224
2025/10/25,1.810082671666667,7.157911644267499,5.627149379375499,21.684,1.445594191666667,10.83650848765433,-0.993608453,2.416422258957712,0.150715206400403,2.018651601866237,1.808,91.73008625063419
2025/10/26,1.807135104166667,7.148030075085833,5.621562196631583,21.655,1.443665595,10.83246177606177,-1.00193129,2.434367228721193,0.1572152114773198,2.012782515527942,1.806,91.62861491628614
2025/10/27,1.80507413,7.141541941533251,5.599097621560416,21.567,1.437797738,10.78159379844961,-1.009430961,2.450340489341416,0.1656146703868452,2.004719293899032,1.806,91.62861491628614
2025/10/28,1.806027173333333,7.143663262952416,5.604412487877582,21.593,1.439526054166667,10.79247058823529,-1.002342692,2.435318669952802,0.1582255673341195,2.012388571428557,1.807,91.67935058346016
2025/10/29,1.807059825833333,7.145424850922416,5.612162816138083,21.63,1.441987659166666,10.81813833075734,-0.995612217,2.422465288544857,0.1491850630237398,2.021163996259333,1.808,91.73008625063419
2025/10/30,1.806551969166666,7.1431091576785,5.613666045887166,21.636,1.442389048,10.82124806800618,-0.997027514,2.42788487549717,0.1488679532520684,2.021315319812774,1.804,91.52714358193809
2025/10/31,1.80370304,7.133608814771917,5.600461959745749,21.58,1.438658130833333,10.79470422535212,-1.005548446,2.445710703659956,0.1565713324753593,2.013777491354897,1.803,91.47640791476407
2025/11/1,1.802779911666666,7.130275959161416,5.591201952134834,21.545,1.436322976666666,10.77578526645768,-1.012724537,2.46009268059275,0.1658745154709816,2.0046771759549,1.8,91.32420091324201
2025/11/2,1.799393525833333,7.117543283667833,5.575329688136751,21.483,1.432189436666667,10.7389536163522,-1.014238597,2.462988575409311,0.1667925399129224,2.004051614926301,1.799,91.27346524606797
2025/11/3,1.799087325833333,7.116933715772667,5.574607347527584,21.478,1.431856530833333,10.7417476635514,-1.024755484,2.484981644693273,0.1783030676975669,1.993389740420254,1.797,91.17199391171992
2025/11/4,1.797772436666666,7.113600016006417,5.5650536602015,21.436,1.429059708333333,10.72280421216849,-1.039170379,2.519264088528819,0.1902295415633078,1.981622065150574,1.795,91.07052257737188
2025/11/5,1.794300498333333,7.100074730412167,5.552096067759249,21.386,1.425723279166667,10.69772947615325,-1.033625726,2.505750531713569,0.1860430600814124,1.986123271604924,1.792,90.91831557584982
2025/11/6,1.791470270833333,7.090159131793583,5.544843559170085,21.353,1.423526320833333,10.67816053249804,-1.041042836,2.520271840261922,0.1928191300755328,1.979139852171222,1.79,90.81684424150177
2025/11/7,1.789807865833333,7.083659517249332,5.532721651181916,21.308,1.42052534,10.65259764705883,-1.041044083,2.520327452840719,0.1938524208057548,1.97858151571163,1.788,90.71537290715372
2025/11/8,1.787766570833333,7.076558546497917,5.522449687816083,21.266,1.417728573333333,10.63567556952082,-1.046136083,2.534142895644182,0.1960822003603198,1.976502679396354,1.787,90.6646372399797
2025/11/9,1.786375751666667,7.070392345496584,5.523781106808749,21.272,1.418125956666666,10.63953852201258,-1.042588527,2.526710762922758,0.1926481260290326,1.979257244362057,1.786,90.61390157280567
2025/11/10,1.784757218333333,7.062981853615333,5.513360045679583,21.237,1.415789711666666,10.62017151848937,-1.042639381,2.526306635474353,0.1924760472121791,1.979446538936944,1.783,90.4616945712836
2025/11/11,1.782365313,7.054510207904752,5.500393428389916,21.185,1.412326193,10.58925730071034,-1.048559668,2.539461940879428,0.1993844469612273,1.973020709876536,1.781,90.36022323693555
2025/11/12,1.779614421666667,7.045259950339666,5.490368513269832,21.141,1.409390805,10.56920632411068,-1.059066502,2.565103408454879,0.2072705029175886,1.965862376847279,1.777,90.15728056823946
2025/11/13,1.776389603,7.033638327427417,5.4816662875265,21.103,1.40686044,10.54999445764054,-1.057373555,2.560835086574764,0.2062025509383471,1.966469145325502,1.775,90.05580923389141
2025/11/14,1.773688033333333,7.023748738889165,5.466339617825666,21.043,1.402860473,10.52001429706116,-1.063828633,2.574309831592388,0.2130870149039699,1.95973484288354,1.772,89.90360223236935
2025/11/15,1.771154898,7.014772532531916,5.453714503092583,20.992,1.399459683333333,10.49695374800638,-1.073741136,2.595439272059956,0.2224736976820496,1.951656488314873,1.77,89.8021308980213
2025/11/16,1.768612758,7.0051356741525,5.449175491321084,20.972,1.398128569166667,10.46773003194888,-1.073703282,2.594916493440153,0.2245615032296099,1.949183815384604,1.767,89.64992389649923
2025/11/17,1.76613821,6.995968098369666,5.438648865599333,20.93,1.395330364166667,10.46345047923322,-1.082495187,2.614723039795323,0.2327866838107061,1.941540361630393,1.765,89.54845256215118
2025/11/18,1.763700138333333,6.987159711989667,5.421321482829417,20.863,1.390863103333333,10.43419295436349,-1.08592719,2.624992387658121,0.2330799553903741,1.940996198651126,1.762,89.39624556062911
2025/11/19,1.761799605833333,6.980224041050334,5.409211400275167,20.816,1.387729924166667,10.40921268057785,-1.094100671,2.64309674381205,0.2408215162719519,1.933844954128427,1.76,89.29477422628108
2025/11/20,1.759351435833333,6.971683883666667,5.407318833538583,20.803,1.386864915833333,10.4035924437299,-1.097141924,2.650104577640269,0.2441689327869677,1.930727815177471,1.757,89.14256722475899
2025/11/21,1.755778829166667,6.958702390884084,5.385273883570584,20.717,1.381130929166667,10.355797417272,-1.103707885,2.663046861178786,0.2510047908147375,1.924150076382514,1.756,89.09183155758498
2025/11/22,1.755405453,6.956417379213001,5.384822049,20.718,1.381198079166667,10.36055609362389,-1.104404018,2.66756353187837,0.2494402652126057,1.925556697247695,1.753,88.9396245560629
2025/11/23,1.752404913,6.945353116473084,5.379087013100333,20.692,1.379463780833333,10.34604442649435,-1.108193413,2.675648598737276,0.2542912505463493,1.920759303391381,1.75,88.78741755454084
2025/11/24,1.749362695,6.933800369164833,5.369125797311166,20.652,1.376800123333334,10.323595951417,-1.110407114,2.680152571030407,0.2564725959182989,1.918605290519865,1.748,88.68594622019279
2025/11/25,1.747415631666666,6.927001022161082,5.3531379037635,20.59,1.372663774166667,10.29675142160844,-1.114934294,2.69248265634823,0.2589955224613705,1.916928733170128,1.746,88.58447488584474
2025/11/26,1.745548765833333,6.919782372631334,5.352357548967833,20.585,1.372332440833334,10.29468562144598,-1.117591083,2.69795630036591,0.2631189568680508,1.912772646699253,1.745,88.53373921867073
2025/11/27,1.744508738,6.915477673423249,5.3397695380185,20.54,1.36932609,10.27077442996743,-1.121515177,2.709141447312617,0.2641640160931477,1.911948533007321,1.743,88.43226788432268
2025/11/28,1.74146796,6.903782801037166,5.335825067014666,20.522,1.368126743333333,10.26240342298289,-1.126760409,2.720466279911075,0.2690964791670082,1.906738534351135,1.741,88.33079654997464
2025/11/29,1.739446525833333,6.89661597548125,5.318147420458168,20.454,1.363598158333333,10.23103352412101,-1.12904069,2.727590267080856,0.2700696371494298,1.905991781240439,1.736,88.07711821410452
2025/11/30,1.735285495,6.881877992986249,5.303525078923499,20.392,1.359462820833333,10.20075471698114,-1.140498899,2.752749445190198,0.2832972165496215,1.893353773584897,1.734,87.97564687975647
2025/12/1,1.735501184166667,6.88409780940075,5.295321589,20.358,1.357197959166667,10.1834495488105,-1.156640572,2.79208546581707,0.299138004108595,1.878813329312415,1.732,87.87417554540842
2025/12/2,1.733114875,6.875699617149666,5.284363714323833,20.313,1.354199554166666,10.15690781893004,-1.157649619,2.79548643421973,0.2983511305569709,1.880175196612212,1.728,87.67123287671232
2025/12/3,1.726376543333333,6.848691393251499,5.260730106230667,20.224,1.348266159166667,10.11813719008264,-1.150684377,2.780582802027937,0.2904373839122132,1.887081840341247,1.726,87.56976154236428
2025/12/4,1.726234923333333,6.849106060032916,5.263157170344751,20.229,1.3486036,10.11335785123967,-1.15270963,2.78468851576257,0.2910927349687308,1.887441371951217,1.725,87.51902587519027
2025/12/5,1.72391884,6.839696107,5.252243774734834,20.189,1.345934688,10.09630074565037,-1.163502589,2.811181915979859,0.3022334943590033,1.875312773058252,1.722,87.36681887366818
2025/12/6,1.721232225833333,6.828719136801999,5.25056672101375,20.182,1.345464304166667,10.08321458160729,-1.157232846,2.796302333123619,0.2963643563874569,1.880936075563671,1.721,87.31608320649417
2025/12/7,1.720345574166667,6.823754306709249,5.246775108358333,20.173,1.344861290833333,10.08952155887231,-1.132020779,2.735609899820882,0.269381910508616,1.907091586761507,1.718,87.16387620497208
2025/12/8,1.717014608,6.81258863831575,5.219130464841749,20.064,1.337598664166666,10.02892166666667,-1.164348551,2.815189069514088,0.2995829089496274,1.878329094236044,1.718,87.16387620497208
2025/12/9,1.717014143,6.812827311627166,5.224681296,20.083,1.338866485833333,10.03869384359402,-1.16532143,2.819871786654354,0.30018548804484,1.878220884146337,1.717,87.11314053779807
2025/12/10,1.716823618,6.811727444877834,5.218755567313583,20.063,1.337528643333333,10.02990333333334,-1.163972704,2.817861321088485,0.2968272429808113,1.881582432019544,1.715,87.01166920345003
2025/12/11,1.714468395833333,6.804377115237333,5.200605841,19.989,1.332598095833333,10.00077135678391,-1.178237266,2.853137263569187,0.3101583081813893,1.86911393367812,1.712,86.85946220192795
2025/12/12,1.711569988,6.79398489,5.199015594103167,19.977,1.331797708333333,9.99000335008375,-1.182106331,2.863028867021992,0.3135099749036461,1.86602387469585,1.71,86.7579908675799
2025/12/13,1.709292618333333,6.78579059901225,5.190024645759751,19.94,1.329331680833333,9.968734060402683,-1.18924731,2.881938022058813,0.3196168579166154,1.859924430955988,1.709,86.70725520040588
2025/12/14,1.707753228333333,6.780159802383166,5.178574224768166,19.896,1.326400635,9.949512195121956,-1.19367228,2.894590608842006,0.3223064747004961,1.857772382397563,1.707,86.60578386605783
2025/12/15,1.70537429,6.771599182664334,5.170189754568501,19.861,1.324065071666667,9.929530354131533,-1.199437601,2.908727291388775,0.3291316859310073,1.851796301909666,1.704,86.45357686453576
2025/12/16,1.703633378,6.764914614254416,5.16520122889125,19.841,1.322730904166667,9.920687763713076,-1.198962139,2.909306792147786,0.3260723938516734,1.854434386391245,1.704,86.45357686453576
2025/12/17,1.703200173,6.761551610681167,5.170910900575333,19.867,1.324459365,9.932418839360812,-1.186622269,2.879686231400928,0.3136445753143927,1.865795665445657,1.702,86.35210553018771
2025/12/18,1.701036279166667,6.75376369523075,5.162695118431999,19.833,1.322193155833333,9.916150927487358,-1.194470368,2.898353480132717,0.3219606575183608,1.858155223880597,1.701,86.3013698630137
2025/12/19,1.699790105833334,6.749124600788416,5.151809910870584,19.792,1.319460735833333,9.890210304054056,-1.195249186,2.900599644915011,0.3230629359961732,1.857172212065812,1.698,86.14916286149162
2025/12/20,1.697003820833333,6.7388860683715,5.141227398912417,19.749,1.31659237,9.87262404741744,-1.200517133,2.915639719339907,0.3255079532553945,1.855298536585357,1.695,85.99695585996956
2025/12/21,1.694281795,6.728713725086168,5.129867445549916,19.704,1.313592633333333,9.843819185059418,-1.204183842,2.925493953507139,0.3292099993522229,1.851684577872587,1.693,85.89548452562151
2025/12/22,1.691764879166667,6.719346167145167,5.121256566689751,19.669,1.31125522,9.832479591836735,-1.20728442,2.932977842010974,0.3313585572295291,1.849618780487795,1.69,85.74327752409944
2025/12/23,1.689212821666667,6.709771209489499,5.118210376913167,19.654,1.310256575,9.823488926746162,-1.207871959,2.935284480841195,0.331366956998958,1.849884199266493,1.688,85.64180618975139
2025/12/24,1.687630989166667,6.703663128508333,5.106125909750418,19.609,1.307254206666667,9.801156010230187,-1.208917439,2.938952164966444,0.3318275072994266,1.849700091687031,1.687,85.59107052257737
2025/12/25,1.685434608,6.695600890873417,5.095531083934667,19.567,1.304454384166667,9.785635354397948,-1.21121825,2.94781124393239,0.3309262416703084,1.85055908812728,1.684,85.4388635210553
2025/12/26,1.683578453333333,6.688670609055416,5.088565586214001,19.539,1.302588206666667,9.77317808219178,-1.21802574,2.965268501159788,0.3369928978140034,1.844654798288485,1.682,85.33739218670725
2025/12/27,1.68152586,6.68101159376225,5.0808562756635,19.508,1.300524714166666,9.75304798628964,-1.220698321,2.972845531972756,0.3392122843341498,1.842497739077284,1.681,85.28665651953324
2025/12/28,1.679902649166667,6.67487570739475,5.072863317150833,19.477,1.298459771666667,9.733803433476387,-1.220162092,2.971802019657581,0.3380540850967232,1.844111141720225,1.68,85.2359208523592
2025/12/29,1.679710146666667,6.672539251179665,5.07525379170375,19.491,1.299391734166667,9.739601716738202,-1.215524667,2.959847060717162,0.3326423645340224,1.849021676389304,1.681,85.28665651953324
2025/12/30,1.680620424166666,6.672603773294835,5.082424447,19.53,1.301991881666667,9.761256212510707,-1.196423927,2.913811634256504,0.3118685284161397,1.868595719602965,1.678,85.13444951801115
2025/12/31,1.677763008,6.6634256785805,5.071244254636916,19.48,1.298657894166666,9.743949356223172,-1.211184824,2.952503705020263,0.3253289186187304,1.855965545959269,1.676,85.0329781836631
2026/1/1,1.675451521666667,6.655307229363248,5.062200513163167,19.442,1.296126336666667,9.722462994836484,-1.213106729,2.957566904212675,0.3260109526540621,1.85539935125115,1.674,84.93150684931507
2026/1/2,1.672860415833333,6.645770373,5.048427155014084,19.388,1.292527428,9.69587844827587,-1.220417454,2.976464696508178,0.3342104240657843,1.84789830665024,1.671,84.779299847793
2026/1/3,1.671268120833334,6.640095670910334,5.040485775762168,19.356,1.290395165,9.67810717372516,-1.228575816,2.99892147881918,0.3408827049508313,1.841351720958811,1.669,84.67782851344495
2026/1/4,1.668877531666666,6.631393786219915,5.03230054590025,19.322,1.288128616666667,9.659360726643603,-1.230857627,3.004528887889695,0.3441996382440938,1.838571160933661,1.667,84.5763571790969
2026/1/5,1.666718519166667,6.623888811914333,5.021542751981749,19.278,1.285195888333333,9.63961979166666,-1.225995906,2.992160981289647,0.3363193290464594,1.845859888579387,1.665,84.47488584474885
2026/1/6,1.664231948,6.614408775598166,5.013268818206416,19.245,1.282996380833333,9.624316521739132,-1.239690498,3.028618374885582,0.3501172515588014,1.8330311309158,1.662,84.32267884322678
2026/1/7,1.66240825,6.608153429865167,5.005712632,19.213,1.280863133333333,9.60672149695387,-1.243109382,3.037845118264193,0.35164275501453,1.831724884792622,1.66,84.22120750887873
2026/1/8,1.659591583,6.597613319250417,4.992156672060251,19.16,1.277328585833333,9.5781711790393,-1.249063103,3.053041809860051,0.3585125692722026,1.825738090853282,1.658,84.11973617453069
2026/1/9,1.657824705,6.591354152348167,4.987443469323167,19.139,1.275930919166667,9.570999126637552,-1.252746248,3.063797925446369,0.3609237680509262,1.823174923359905,1.657,84.06900050735668
2026/1/10,1.657834655,6.590693126568583,4.9850507578795,19.133,1.275528208,9.562566433566436,-1.249231171,3.054722620283369,0.3578699284453141,1.826646158574054,1.66,84.22120750887873
2026/1/11,1.660302095833333,6.596867433812499,4.99765508286775,19.193,1.279526010833333,9.60012380122058,-1.229167775,3.006593460520367,0.3343892466010496,1.848626063995019,1.659,84.17047184170472
2026/1/12,1.658481403,6.590091303112332,4.989287736394417,19.16,1.277326390833333,9.578712914485164,-1.236081279,3.024653602451507,0.3412325762549467,1.841682817337454,1.657,84.06900050735668
2026/1/13,1.656541376666667,6.583375133,4.980633753778416,19.124,1.274926534166667,9.564346456692922,-1.240694645,3.034953769247458,0.3452844985903222,1.838341658929113,1.655,83.96752917300863
2026/1/14,1.656017385833334,6.582112938522335,4.972330332666417,19.091,1.272725841666667,9.542750437828367,-1.250825822,3.063845158798154,0.3549942599325023,1.829052879581142,1.654,83.91679350583459
2026/1/15,1.654304973,6.575919934773415,4.967163401868666,19.069,1.271258825,9.529954385964912,-1.255000214,3.076165511664102,0.3576820512670706,1.8265482907299,1.653,83.86605783866058
2026/1/16,1.653002738333333,6.570463069326665,4.965770761395415,19.064,1.270924208,9.530889473684203,-1.251856971,3.068270509661965,0.3544899256429177,1.829407746913576,1.651,83.76458650431253
2026/1/17,1.652419574166667,6.569916926930834,4.955629234504084,19.021,1.268057428,9.51190158172232,-1.265492085,3.103721178203847,0.3677281956867947,1.817399846672794,1.649,83.66311516996448
2026/1/18,1.648448680833333,6.55514804752325,4.945769223597082,18.979,1.265255103,9.492896916299564,-1.26772537,3.111670449158622,0.3683410325171589,1.816918070067598,1.646,83.51090816844241
2026/1/19,1.646516463,6.548613707113583,4.933913158224833,18.931,1.262055845,9.470898409893993,-1.275498079,3.130982519280327,0.3755331638907199,1.810376448942034,1.645,83.46017250126839
2026/1/20,1.645101745,6.543765605284916,4.9249202317665,18.895,1.259655313333333,9.446813805631244,-1.289387045,3.169527788067787,0.3905434784930997,1.795751421430795,1.643,83.35870116692034
2026/1/21,1.642625993333333,6.534495398972333,4.915971446159417,18.859,1.257255305,9.428297543221108,-1.290239337,3.171742064800726,0.390056454421598,1.795986858573204,1.64,83.20649416539827
2026/1/22,1.640988635,6.52926739502225,4.907818630686501,18.824,1.254921770833333,9.4116937101185,-1.299738813,3.199007423796707,0.3986328610358906,1.788136545057676,1.641,83.25722983257229
2026/1/23,1.642091708333333,6.531839859219334,4.911358092,18.844,1.256254543,9.421860655737705,-1.29275881,3.180236278834308,0.3912228829371183,1.795314987484337,1.642,83.30796549974632
2026/1/24,1.642344855833333,6.530951511792332,4.913882309989832,18.86,1.257320688,9.430682438580526,-1.287572694,3.168043417406347,0.3853850291385036,1.800151787954817,1.592,80.77118214104514
