date,Capacity,Charge_V_kurtosis,Charge_Q,Charge_energy,CC_energy,CC_t_mean,CC_CCCT,CC_Q,Var12,Var13,Var15,MS_discharge_capacity_Ah_ma_5,MS_discharge_capacity_Ah_slope_20,PS_mean_dist,Cycle,Target
2025/1/1,1.285,1.912483000965024,1.976429808333333,7.755874337333584,6.508440928648501,12.60003804347827,25.191,1.679404211666666,60.2047841813087,4.4634679281071,8.18936491021704,0,0,0,1,1
2025/1/2,1.976,1.925692952565137,1.866881890833333,7.337221898,6.10665755212775,11.804950688905,23.608,1.573873196666667,60.1271324231586,4.98951942268205,41.3261868199224,0,0,0,2,0.9357106981416373
2025/1/3,1.867,1.893650602392174,1.873625778,7.35883934813025,6.132994287273332,11.85905342960288,23.726,1.581741123,60.3622226236124,4.87477327107586,41.5778273955667,0,0,0,3,0.939728779507785
2025/1/4,1.874,1.871543317514363,1.879376478,7.3779328068985,6.150902149537666,11.90781739755572,23.808,1.587208695833333,60.3306310847735,4.84816292001375,41.5947512347749,0,0,0,4,0.9427423405323957
2025/1/5,1.879,1.851414194317248,1.884898868,7.396765103497833,6.173974426083999,11.95114674302076,23.906,1.593741844166667,60.2966386039733,4.85159538028621,41.6440732170067,1.8969999999999998,0,0,5,0.9457559015570065
2025/1/6,1.885,1.835888894929466,1.889698550833333,7.413050588791417,6.192784256964334,11.99231383737517,23.987,1.599142385833333,60.2638850056345,4.85742774603305,41.6845204951063,1.8763999999999998,0,0,6,0.9482672024108487
2025/1/7,1.89,1.821546048834938,1.894211860833333,7.428676954067667,6.2076573143505,12.02452350427351,24.052,1.603476715,60.2386930637219,4.86386797986862,41.7272360648465,1.8821999999999999,0,0.086647418570594,7,0.9502762430939226
2025/1/8,1.894,1.811520559281133,1.898710239166667,7.444315469377583,6.225122630978084,12.06246661931819,24.126,1.608410584166667,60.2079340834098,4.8687516027189,41.7517475487161,1.8874,0,0.06754558669438138,8,0.9527875439477649
2025/1/9,1.899,1.796062686154726,1.902631805833334,7.457805131192417,6.23782661688675,12.08895535081502,24.182,1.612144875833334,60.1892470121534,4.87887536035994,41.7885536771028,1.8922,0,0.05706760177656427,9,0.9547965846308387
2025/1/10,1.903,1.812892306292094,1.900725490000001,7.4535227628645,6.228933824619583,12.06793892045454,24.137,1.609141875,60.157281828935,4.88285439563275,41.7921599061646,1.8956,0,0.05050314684833625,10,0.9542943244600702
2025/1/11,1.901,1.797320584099404,1.905269630833334,7.468537506715082,6.243068206630918,12.09781798866856,24.202,1.613476400000001,60.1808851250624,4.89813260363874,41.7866615718496,1.8986,0,0.04634378578881607,11,0.9558011049723757
2025/1/12,1.905,1.788496089680391,1.911423522500001,7.489611434475667,6.26349538349225,12.14549719101123,24.292,1.619476278333334,60.141212605346,4.93075396596281,41.8954690950845,1.9022,0,0.04376132225694979,12,0.9593169261677548
2025/1/13,1.911,1.779571727711612,1.914987793,7.50197608569375,6.279393837253334,12.17829852838121,24.358,1.623882304166667,60.1290812461066,4.94218865092936,41.9727895312971,1.9053999999999998,0,0.042086315321751944,13,0.9608237066800602
2025/1/14,1.915,1.773878274737677,1.918346343,7.513857905879583,6.288925772749499,12.19944755244755,24.4,1.62668143,60.1076310447959,4.95108520664232,41.9998298660848,1.9085999999999999,0,0.04121866626872591,14,0.9628327473631341
2025/1/15,1.918,1.769347316100978,1.921449428333333,7.524712213884666,6.301586466039499,12.23397069085835,24.453,1.630214696666667,60.0859513136589,4.96347761167158,42.0267242128328,1.9125999999999999,0,0.040717784142770996,15,0.9643395278754394
2025/1/16,1.921,1.759400033882844,1.924207682500001,7.534210442988416,6.312376816161334,12.25173328690808,24.499,1.633280700833334,60.0678967553308,4.97013315571555,42.0514017097112,1.9166,0,0.04093327551076964,16,0.9658463083877449
2025/1/17,1.924,1.759854064335415,1.927023495,7.544249440280501,6.317873584971833,12.26169749652296,24.525,1.635014882500001,60.0417004149727,4.98083674049628,42.0747071242235,1.9198,0,0.041290151522384515,17,0.9673530889000501
2025/1/18,1.927,1.756345525894535,1.929579426666667,7.55314963440175,6.324433433327167,12.27978526754691,24.555,1.637013515833334,60.0292805672968,4.99293204321863,42.0984284252599,1.9227999999999998,0,0.04178419092096017,18,0.9683576092415871
2025/1/19,1.93,1.754990702387075,1.931874005833334,7.561476944444085,6.334043177,12.29105343511451,24.594,1.6396136,60.0116338254703,5.00294914056304,42.1161193761008,1.9253999999999998,0,0.04233310312965899,19,0.969362129583124
2025/1/20,1.932,1.744805805056959,1.934239542500001,7.568715972069915,6.342544316338166,12.31491794158553,24.634,1.642279614166667,59.9984418835407,5.01341149917131,42.1336548676258,1.9280000000000002,0.001911278195488753,0.04293616045559317,20,0.9708689100954294
2025/1/21,1.934,1.746727603103036,1.937503564166667,7.58048370400375,6.35348365375925,12.33752916666668,24.68,1.645346336666667,59.9432832834417,5.02761242994821,42.0871523432841,1.9306,0.003612781954887261,0.043600934029136965,21,0.9723756906077348
2025/1/22,1.938,1.745653086934847,1.939705543333334,7.5882806798115,6.361548966372333,12.35704160887657,24.714,1.647612356666667,59.9249845180905,5.04425549410455,42.1095280717502,1.9329999999999998,0.0034045112781955324,0.04426658074484232,22,0.9733802109492716
2025/1/23,1.94,1.746461928248277,1.941467458333334,7.594588528667084,6.365207699029501,12.36397505197506,24.731,1.648743399166667,59.9074514573956,5.05608470775902,42.1252332447542,1.9354,0.003238345864661702,0.04494876102581792,23,0.9743847312908086
2025/1/24,1.941,1.745117431682512,1.943159109166667,7.60051851927925,6.373823093720416,12.38134602076124,24.766,1.651074581666667,59.8943782784037,5.06707817732041,42.1357199873585,1.9378,0.00309172932330827,0.045649975035588125,24,0.9753892516323455
2025/1/25,1.943,1.747927752666894,1.944844033333334,7.606469298347499,6.373535179004999,12.3822858131488,24.769,1.65127374,59.8742513241169,5.07737771178279,42.1501213501861,1.94,0.0029706766917293338,0.04637687844523863,25,0.9763937719738824
2025/1/26,1.945,1.749011071668948,1.946538483,7.612539487720916,6.384242741735916,12.40512715964063,24.811,1.65407265,59.8660262838086,5.08944290788319,42.1634864250274,1.9418,0.0028511278195489484,0.0470322208659681,26,0.9768960321446509
2025/1/27,1.947,1.746654606968614,1.948126068333334,7.617861037925167,6.3884898741675,12.41517529330573,24.831,1.655404416666667,59.8503950403871,5.09971648180885,42.1795719780995,1.9436,0.0027375939849623933,0.047682142328919694,27,0.9779005524861878
2025/1/28,1.948,1.748963683021039,1.949374136666667,7.622355331421415,6.391661624895999,12.42081793103448,24.845,1.656337605833334,59.8297022515107,5.11155441465157,42.193880691004,1.9451999999999998,0.002634586466165411,0.048243514014266686,28,0.9784028126569563
2025/1/29,1.949,1.750864457550387,1.950396800833334,7.6262142220415,6.3931743469945,12.42942344827586,24.852,1.656801606666667,59.8229602422938,5.12214910271459,42.2046275596456,1.9466,0.0025323308270677135,0.04878556870405857,29,0.9789050728277248
2025/1/30,1.95,1.753948188815452,1.951373798,7.62983263290325,6.396863640565501,12.43376154376292,24.867,1.657795368333334,59.8093338664178,5.13045644014299,42.208427224549,1.9478000000000002,0.0023563909774436485,0.04922527908007488,30,0.9794073329984931
2025/1/31,1.951,1.754838408693298,1.952270903,7.633017700875416,6.398795707749668,12.43712474155755,24.876,1.658393995833334,59.8032818149432,5.13979143964476,42.2178188983351,1.9489999999999998,0.0021669172932331222,0.04963175908108611,31,0.9799095931692616
2025/2/1,1.952,1.756908030458825,1.953663895833333,7.637793169308416,6.400790886440584,12.44563567493113,24.887,1.659124968,59.7871050682361,5.15124495770525,42.2274450488229,1.95,0.002030075187969907,0.04552100902932381,32,0.9804118533400301
2025/2/2,1.954,1.759289296086306,1.954503458333333,7.640916051061833,6.406531151737749,12.45450860289057,24.909,1.660587729166666,59.7791356310658,5.15935177418947,42.2357640220433,1.951,0.0018917293233083193,0.04306656943173942,33,0.9809141135107986
2025/2/3,1.955,1.7621339267036,1.955383115,7.64416241940425,6.407760011958333,12.45834205092911,24.915,1.660987030833333,59.772479422546,5.16901644058763,42.2443277489458,1.952,0.0017706766917293649,0.040843948291137105,34,0.981416373681567
2025/2/4,1.955,1.761571076340917,1.956597993333333,7.648185839752667,6.413396316757667,12.47114432989691,24.939,1.662585918333333,59.7603614594752,5.17969528380146,42.2471575405052,1.953,0.0016556390977443655,0.03879177332396151,35,0.9819186338523355
2025/2/5,1.957,1.764725358992781,1.957656320833333,7.651785629367999,6.413672522131582,12.4728591065292,24.943,1.662852711666666,59.7461356040016,5.18851346912395,42.2607994214336,1.9541999999999997,0.00156390977443608,0.036906108237980094,36,0.9829231541938724
2025/2/6,1.958,1.761698340914853,1.959117211666666,7.656312280514333,6.418502283284333,12.48191552197803,24.966,1.664385513333333,59.7344619352365,5.19680874032182,42.2687776032161,1.9553999999999998,0.0014827067669173316,0.03496468656970378,37,0.9834254143646408
2025/2/7,1.959,1.769365362106557,1.959004260833333,7.656822282716417,6.415281635755584,12.48070604395604,24.951,1.663384361666666,59.71022522,5.20884357776461,42.2786118217094,1.9564,0.0013849624060150733,0.03306004336556214,38,0.9834254143646408
2025/2/8,1.959,1.766503167604349,1.960072558333333,7.659964557585667,6.423460762209166,12.49193827160494,24.985,1.665652033,59.7277240979674,5.20448150648767,42.2795748673579,1.9573999999999998,0.0012879699248120459,0.031220934747714396,39,0.9839276745354093
2025/2/9,1.96,1.767133568506403,1.960757259166666,7.662448649894416,6.424752545198915,12.4939670781893,24.991,1.666052719166666,59.7103625421318,5.2139972388683,42.289901105334,1.9584,0.0012090225563909905,0.02942480389615521,40,0.9844299347061777
2025/2/10,1.961,1.767863954268653,1.961568423333333,7.66503197088775,6.425053018979749,12.49533127572016,24.995,1.666319811666666,59.6953997498844,5.22168370707705,42.2910070971174,1.959,0.0011368421052631921,0.027652149457037253,41,0.9844299347061777
2025/2/11,1.962,1.772335981485536,1.962154618333333,7.667068330346666,6.429387610693167,12.50644619602467,25.012,1.667453589166666,59.6800193906386,5.23187942018853,42.2979850106178,1.9596,0.001074436090225611,0.02587178589231862,42,0.9849321948769463
2025/2/12,1.962,1.775339525603206,1.962233801666666,7.667588698069668,6.426214934977585,12.50170596298835,25,1.666653008,59.6800360740935,5.23595627510118,42.29994564,1.9602,0.0010090225563909629,0.024334134863397642,43,0.9849321948769463
2025/2/13,1.962,1.778961764701442,1.960478018333333,7.662747937347584,6.419228805294001,12.48415865384615,24.966,1.664386281666666,59.676481756901,5.24251114050362,42.2969399279018,1.9604,0.0009293233082706941,0.022844932829607936,44,0.9844299347061777
2025/2/14,1.96,1.78079792332164,1.962115981666666,7.667838347598499,6.424162122392583,12.49616735253772,24.99,1.665986159166666,59.6954542843939,5.24024382860813,42.2872297660091,1.9606000000000001,0.000868421052631557,0.021402613595296664,45,0.9849321948769463
2025/2/15,1.962,1.780801599141803,1.962335418,7.66864872,6.424332226577416,12.49475102880658,24.991,1.666052865833333,59.6784673137855,5.25144174879251,42.2986525945616,1.9608,0.0007977443609022565,0.019974360660515535,46,0.9849321948769463
2025/2/16,1.962,1.782721301581639,1.96288162,7.670950460975249,6.42462379829375,12.49470781893005,24.992,1.66612033,59.6714560231579,5.25465029338485,42.2992979131978,1.9608,0.0007345864661653728,0.018596313964169317,47,0.9849321948769463
2025/2/17,1.963,1.776439247702217,1.968770170833333,7.687902054545583,6.452135388894833,12.56734764826175,25.118,1.674521941666666,59.673779261709,5.26126625393534,42.3229908378692,1.9620000000000002,0.0007518796992481673,0.017495399845283668,48,0.987945755901557
2025/2/18,1.969,1.790320683257133,1.965386870833333,7.678832208588833,6.43403402209475,12.51736369863014,25.035,1.668989806666666,59.5826050141273,5.29797649145568,42.3559437479981,1.9632,0.0007421052631578252,0.01638445857164727,49,0.9874434957307885
2025/2/19,1.965,1.792247336990891,1.963826688333333,7.6744259680535,6.423302210714001,12.49166186556928,24.989,1.665923326666666,59.6340099621588,5.28342884013065,42.311803077191,1.9636,0.0006796992481202976,0.015467610300474525,50,0.9859367152184831
2025/2/20,1.964,1.796479089621726,1.963790285833333,7.674499716671834,6.426608053761999,12.50007333790268,25,1.666656392499999,59.6534603396851,5.28073641829375,42.3097043549629,1.964,0.0006135338345864365,0.014543551047378723,51,0.9859367152184831
2025/2/21,1.964,1.799186481224046,1.963121826666666,7.672662629211167,6.419181271875999,12.48183321894303,24.97,1.664657289166666,59.6578095712407,5.28368760182028,42.3047873688284,1.9642,0.0005308270676691726,0.013854520732249262,52,0.9854344550477147
2025/2/22,1.963,1.800683078496019,1.963043089166666,7.67252107798425,6.419649966004667,12.48579478380233,24.971,1.664724453333333,59.6637557359634,5.28491854903835,42.2994101311724,1.9632,0.00044887218045119317,0.013101931368717389,53,0.9854344550477147
2025/2/23,1.963,1.801915247433252,1.962979242499999,7.672482537910916,6.418766208803833,12.48065202470831,24.967,1.664458791666666,59.6628588829083,5.28688036043423,42.2996195809857,1.9624,0.0003691729323308531,0.012235942357984324,54,0.9854344550477147
2025/2/24,1.963,1.801107964276166,1.962801545833333,7.6718845796665,6.419753041256582,12.48636650652024,24.97,1.664658527499999,59.6596591064044,5.29287365319426,42.2973616466791,1.9622,0.0002932330827067751,0.011372699925083569,55,0.9854344550477147
2025/2/25,1.963,1.796711158975131,1.965698104166666,7.679994678530164,6.429699489673499,12.50939657534247,25.02,1.667992285833332,59.648127414112,5.29981728509978,42.3070890436911,1.9624,0.00026691729323310184,0.010592393120961493,56,0.9864389753892515
2025/2/26,1.966,1.801644997031054,1.965958159166666,7.680999602,6.430169753173999,12.51107328767123,25.022,1.668125113333332,59.607460643365,5.31577779823985,42.3230948536602,1.9631999999999998,0.0002744360902255365,0.009876061333420519,57,0.9874434957307885
2025/2/27,1.966,1.799380222427524,1.965141969166666,7.678715865624167,6.429353434608084,12.50785126799178,25.015,1.667658759999999,59.5969048368162,5.32353182135105,42.3222084926809,1.9636,0.00024135338345864166,0.009174729761426309,58,0.9864389753892515
2025/2/28,1.965,1.801374004791322,1.968707518,7.689493136497502,6.442518566348834,12.53904716336296,25.077,1.671792209166666,59.6009355214142,5.32342860063575,42.3327778468291,1.9646000000000001,0.00025789473684213374,0.008668508508540429,59,0.987945755901557
2025/3/1,1.969,1.804423073098407,1.968957188333333,7.690129628745584,6.4418277004825,12.53737252221463,25.076,1.671726621666666,59.5515292073952,5.34817013850383,42.3522252975893,1.9658000000000002,0.00029248120300754413,0.008186359757942642,60,0.9884480160723254
2025/3/2,1.969,1.807800344396427,1.967192656666666,7.685173838413333,6.433086725082084,12.51735934291581,25.036,1.6690609,59.5530500040886,5.35018896463278,42.3446114895034,1.9664000000000001,0.0003007518796992991,0.007835267512053965,61,0.987945755901557
2025/3/3,1.967,1.817328090680966,1.967471973,7.686262974083251,6.4296440305105,12.51082739726028,25.024,1.668261220833333,59.5793521271201,5.34548800736164,42.3400233743652,1.9666000000000001,0.00031428571428576013,0.007461219641879729,62,0.987945755901557
2025/3/4,1.967,1.81172586460825,1.964837605833333,7.678458518377083,6.422818198016083,12.49566049382716,24.988,1.665860288333333,59.5720210285309,5.35318188307728,42.3274337864232,1.9666000000000001,0.0002759398496240878,0.007143868739583363,63,0.9864389753892515
2025/3/5,1.965,1.823070340508093,1.964753110833333,7.678820810667666,6.416813865724749,12.48654052197802,24.964,1.664259989166666,59.5946580465547,5.34344801267707,42.3147792924703,1.966,0.00021729323308264338,0.006892095105753477,64,0.9864389753892515
2025/3/6,1.965,1.817206230875589,1.964284541666667,7.67692286594975,6.41968641005225,12.4852676733013,24.974,1.66492755,59.6136379406639,5.34415143948519,42.3053252088016,1.9652,0.00016842105263157676,0.006561263348500839,65,0.9864389753892515
2025/3/7,1.964,1.819058987106131,1.963707153,7.675262304354167,6.414008854810916,12.47884810996563,24.951,1.663393636666667,59.5952132186786,5.35130855925804,42.3051088663256,1.9644,0.00010075187969923579,0.006272179136598072,66,0.9859367152184831
2025/3/8,1.964,1.819263276131599,1.96299764,7.673238063775001,6.413004464760251,12.47216357388317,24.944,1.662927254166667,59.5952009220785,5.35363496948925,42.2970138474759,1.9634,1.57894736842254e-05,0.005977247629487786,67,0.9854344550477147
2025/3/9,1.963,1.819946484460471,1.963360065833333,7.673973132,6.415300875004499,12.47611538461538,24.955,1.663661171666667,59.6014520143888,5.35142036435387,42.2953121933536,1.9629999999999999,2.406015037592677e-05,0.0057225468777645505,68,0.9854344550477147
2025/3/10,1.963,1.813712540294459,1.966815240833333,7.683899249619001,6.426947883055668,12.50519259766963,25.013,1.667525884166667,59.5915694123761,5.36023945942982,42.3095875106001,1.9632,6.691729323305639e-05,0.005522166044659316,69,0.9869412355600201
2025/3/11,1.967,1.821520422811734,1.968550183333333,7.689360883949167,6.432966087944334,12.5217885010267,25.041,1.66939348,59.5378101081486,5.38087622895513,42.334772270639,1.964,0.00010676691729328003,0.005448395512105089,70,0.9884480160723254
2025/3/12,1.969,1.82130259965044,1.967812293333333,7.687100840302333,6.429598321997166,12.51568767123288,25.026,1.66839196,59.5197423357151,5.39357925528491,42.3428889431808,1.9647999999999999,0.00012481203007519832,0.005338711097325702,71,0.987945755901557
2025/3/13,1.968,1.824427210484505,1.9676968,7.686736112537666,6.426353462005249,12.50600959561343,25.014,1.667590811666666,59.5181356599023,5.39626721215695,42.3368588077515,1.9658000000000002,0.0001210526315790078,0.00533641115477209,72,0.987945755901557
2025/3/14,1.968,1.827839562766409,1.967502866666667,7.6864724804915,6.4263417769935,12.50859711736445,25.012,1.667457141666667,59.5189704485858,5.40130734210973,42.3260038723803,1.9667999999999999,0.0001097744360902396,0.005238847650913746,73,0.987945755901557
2025/3/15,1.968,1.826929205556254,1.966689046666666,7.684038740035668,6.421449353101083,12.49514217032967,24.991,1.666057874166667,59.511538723985,5.4089473272273,42.3085296852051,1.967,7.66917293233269e-05,0.005213529276825252,74,0.9874434957307885
2025/3/16,1.967,1.832970353260144,1.966150895,7.68287204893525,6.41805495937225,12.48718969072165,24.975,1.664989344166666,59.513443118229,5.40690829144645,42.3004355758853,1.9664000000000001,2.3308270676695814e-05,0.005102161064792296,75,0.9869412355600201
2025/3/17,1.966,1.834979608226711,1.96600293,7.682513703764167,6.41719406722175,12.485335395189,24.971,1.664721739166666,59.5278697098873,5.40837122469105,42.2987459698048,1.966,-3.01E-06,0.0049889787745496005,76,0.9869412355600201
2025/3/18,1.966,1.836468136528865,1.9655611,7.680920721415417,6.411299311625584,12.47381980742779,24.949,1.6632555,59.5289915574551,5.41009938968185,42.2963507653124,1.9656000000000002,7.518796992845708e-07,0.004877873175496474,77,0.9869412355600201
2025/3/19,1.966,1.838260521044988,1.965116909999999,7.679742804232251,6.411705071516501,12.47310805230558,24.948,1.663188420833333,59.5271273765054,5.41277432095838,42.2916470943572,1.9649999999999999,-3.98E-05,0.004741570368757829,78,0.9864389753892515
2025/3/20,1.965,1.839308743754525,1.964395243333333,7.67738628693625,6.406216474020416,12.46324586776861,24.926,1.661721153333333,59.5296808205701,5.41576593710887,42.2847605397558,1.9646000000000001,-3.31E-05,0.004630586715605773,79,0.9864389753892515
2025/3/21,1.964,1.835052481056105,1.964529818333333,7.677480760856749,6.409379911645417,12.46974879559532,24.939,1.662586626666666,59.5324204358843,5.41655241688037,42.2792426181047,1.9642,-2.03E-05,0.004560379149913496,80,0.9859367152184831
2025/3/22,1.965,1.836367126589432,1.965391946666666,7.679931013486417,6.413804722014667,12.48055089408528,24.959,1.663918940833333,59.5149506057846,5.42341875655174,42.2874814745368,1.964,-1.50E-06,0.004428699699494226,81,0.9864389753892515
2025/3/23,1.965,1.840516643991256,1.966254109999999,7.683127246499083,6.412544174455666,12.47762654745529,24.956,1.663719536666666,59.5002471120363,5.43252793026247,42.2931281364294,1.964,3.609022556389016e-05,0.004307102681022537,82,0.9869412355600201
2025/3/24,1.966,1.839691916520266,1.972178143333333,7.699016056,6.443022477960667,12.54838303693571,25.097,1.673117405,59.5105907290439,5.43722525981939,42.321121676263,1.9654,0.00011503759398496353,0.004426587047155143,83,0.9899547965846308
2025/3/25,1.972,1.845283021090621,1.969242875833332,7.69091749994625,6.429335100769167,12.5164170096022,25.033,1.668851717499999,59.3914658896443,5.48766657612981,42.3479795905995,1.9664000000000001,0.00015488721804515144,0.004417418093967085,84,0.988950276243094
2025/3/26,1.969,1.84483308260913,1.966253735833333,7.682213139875499,6.412467536175583,12.48105020632737,24.959,1.663918792499999,59.4368058712907,5.46594908616282,42.3106188276537,1.967,0.00014436090225566786,0.00456548810034979,85,0.9874434957307885
2025/3/27,1.966,1.849744978952776,1.965114535833333,7.679078896790333,6.409637272,12.47219958706126,24.943,1.662852168,59.4672467904403,5.45627008874555,42.2930944071271,1.967,8.646616541356167e-05,0.004589533021568779,86,0.9864389753892515
2025/3/28,1.965,1.851862598374167,1.963792730833333,7.675179137088834,6.402888705038166,12.45760785665059,24.913,1.660851928,59.4909919448214,5.45103600659261,42.2811950045029,1.9666000000000001,-3.01E-06,0.004761600626513989,87,0.9859367152184831
2025/3/29,1.964,1.847459298884639,1.963070624166666,7.672689901334499,6.402311240789166,12.45465747760166,24.909,1.660585333,59.4959683705509,5.45074097474718,42.2714562222194,1.9647999999999999,-0.000108271,0.00488119443620708,88,0.9854344550477147
2025/3/30,1.963,1.85752073248119,1.962281904166666,7.67085802436925,6.394275345729667,12.43824499654935,24.875,1.65831951,59.4897891409752,5.45275260412213,42.2657996440005,1.9631999999999998,-0.000180451,0.004916316500058327,89,0.9849321948769463
2025/3/31,1.962,1.855940577448583,1.961707758333333,7.668809079477167,6.389875667936501,12.43066367403316,24.858,1.657185313333333,59.5219989518531,5.44805394652731,42.2598959780499,1.9622,-0.000199248,0.0050501605376884265,90,0.9849321948769463
2025/4/1,1.962,1.85285244433087,1.961109352499999,7.666734915218751,6.389475526665916,12.42724861878454,24.855,1.656985499166666,59.5135969704372,5.45030615893743,42.2522310663432,1.9614,-0.000237594,0.005228486993511586,91,0.9844299347061777
2025/4/2,1.961,1.862089683311531,1.960938703,7.666603773204583,6.389217478152251,12.42596823204419,24.852,1.656785029166667,59.5071632452383,5.45273182073277,42.2504910947877,1.9608,-0.000265414,0.005469589868476748,92,0.9844299347061777
2025/4/3,1.961,1.858275876619341,1.960228304166666,7.664058641033165,6.383213658523584,12.4146908713693,24.829,1.655250953333333,59.5197015270057,5.45573917726991,42.2449120291633,1.9602,-0.000296992,0.0057817948820065536,93,0.9839276745354093
2025/4/4,1.96,1.859662091847166,1.961116700833333,7.666427781024833,6.3894099056165,12.42701035911603,24.856,1.657050444166666,59.512517573745,5.45913518835529,42.2446443477117,1.9600000000000002,-0.000318045,0.006024735700092613,94,0.9844299347061777
2025/4/5,1.961,1.857738833446019,1.959966144166666,7.663236153507249,6.379847406968667,12.40910442600276,24.816,1.654383096666666,59.4874274190032,5.46953662987336,42.2454045055252,1.9596,-0.00036015,0.0063509894903342745,95,0.9839276745354093
2025/4/6,1.96,1.854441366517013,1.961261634166666,7.666235264639999,6.390284585349916,12.43168715469613,24.862,1.657449570833333,59.4988468524839,5.46678000752372,42.2462174582897,1.9596,-0.000378947,0.006567163332350383,96,0.9844299347061777
2025/4/7,1.961,1.86331615093904,1.961275964166666,7.666577243263083,6.384403644140749,12.42144160331721,24.84,1.655982322499999,59.460108054688,5.47972272392113,42.2500650430702,1.9596,-0.000390226,0.006726072620780324,97,0.9844299347061777
2025/4/8,1.961,1.867456422618528,1.960257204166666,7.663721136,6.380226558320167,12.40988381742739,24.82,1.654649048333333,59.473243204408,5.48287315118647,42.247384763657,1.9598,-0.000409774,0.006810203385745703,98,0.9844299347061777
2025/4/9,1.96,1.869708351608051,1.959928843,7.662673398281333,6.381960579433333,12.41415214384509,24.825,1.654983100833333,59.4908386409609,5.48062279712428,42.2434227580294,1.9596,-0.000437594,0.006852223222382981,99,0.9839276745354093
2025/4/10,1.96,1.8759835621458,1.958527021666666,7.658733103544666,6.367385806188748,12.38314968814969,24.766,1.651049013333333,59.4889115076811,5.48267175041833,42.2335251176063,1.9594,-0.00048797,0.006915734997458083,100,0.9834254143646408
2025/4/11,1.959,1.873031135042027,1.957479163,7.655592119991916,6.36976515354575,12.38585446985448,24.77,1.651316288333333,59.5120410225782,5.47775606167326,42.2226716113425,1.9588,-0.000529323,0.006970060789422783,101,0.9829231541938724
2025/4/12,1.957,1.869240136884773,1.956285374166667,7.6514339811815,6.365573333584999,12.375133148405,24.752,1.650114368333333,59.5040680737193,5.47973512846036,42.2135763419681,1.9579999999999997,-0.000558647,0.007102946708782897,102,0.982420894023104
2025/4/13,1.956,1.874672490000794,1.955550080833333,7.649329336927666,6.361798523,12.36506106870229,24.735,1.648981682499999,59.4973113637307,5.48299208748694,42.205402600743,1.957,-0.000493985,0.007312314708492301,103,0.9819186338523355
2025/4/14,1.956,1.877764954222634,1.954582116666666,7.646627476315333,6.353920046043833,12.3509041000695,24.702,1.646781111666666,59.5143125747714,5.48078344588028,42.1983917950744,1.9560000000000002,-0.000451128,0.007585574580035245,104,0.981416373681567
2025/4/15,1.955,1.876112141904348,1.957207219166667,7.653967224711333,6.364514206901251,12.375286407767,24.753,1.650179936666667,59.5300839845186,5.47834496499499,42.2006288803206,1.9556,-0.000404511,0.007838174741473726,105,0.982420894023104
2025/4/16,1.957,1.8756325939379,1.958700361666666,7.657729192739583,6.37151489322825,12.39257340720223,24.787,1.652444519166666,59.491346406884,5.49336166582076,42.2193337156837,1.9558,-0.000345865,0.0080872661757579,106,0.9834254143646408
2025/4/17,1.959,1.878742014630516,1.959081673333333,7.6588636918685,6.372173385,12.39578324099723,24.791,1.652712859166666,59.4620739334708,5.5061831711667,42.2284403930549,1.9561999999999997,-0.000293985,0.008272724856645108,107,0.9834254143646408
2025/4/18,1.959,1.87398525782333,1.958472529166666,7.656695226595249,6.371435628360082,12.39348614958449,24.787,1.652444424166666,59.44697386,5.51478135745151,42.2250031633364,1.9567999999999999,-0.000250376,0.008374233309554184,108,0.9834254143646408
2025/4/19,1.958,1.877432486359213,1.959055496666666,7.658245591610666,6.373902203934833,12.39714394463668,24.799,1.653245537499999,59.4451507304139,5.51343197143373,42.2311330567305,1.9576,-0.000216541,0.008309564503754018,109,0.9834254143646408
2025/4/20,1.959,1.880196811894171,1.957846758333333,7.654470469839999,6.3640004257835,12.37823717059639,24.759,1.650578149166666,59.427647904331,5.52382893255446,42.2291185165696,1.9578,-0.000192481,0.007790989753843021,110,0.9829231541938724
2025/4/21,1.958,1.880623079643845,1.956605445,7.650748014953082,6.358773700586666,12.3681998612075,24.735,1.648978393,59.43957514,5.52265367105085,42.2150420107293,1.9574000000000003,-0.000192481,0.007334978126632856,111,0.982420894023104
2025/4/22,1.957,1.884304757996798,1.955813680833333,7.648493668109417,6.355649191981249,12.35952152777779,24.72,1.647979186666666,59.4501697618158,5.52050812876015,42.2068217096669,1.9568,-0.000200752,0.006731660658310882,112,0.9819186338523355
2025/4/23,1.956,1.886140699631643,1.955243003333333,7.646601739517834,6.354187872174584,12.35647638888889,24.713,1.647511251666666,59.4603193543202,5.51749933746635,42.1998289300289,1.9562000000000002,-0.000217293,0.0062312404263191795,113,0.9819186338523355
2025/4/24,1.955,1.888672736641042,1.954598830833333,7.644651803879666,6.347381136539583,12.3424040333797,24.686,1.645710738333333,59.4613053321592,5.52046799463435,42.1960762314391,1.9553999999999998,-0.000226316,0.005664618904862408,114,0.981416373681567
2025/4/25,1.955,1.892028379194859,1.954024536666666,7.642806205115834,6.348512420034999,12.34442420027816,24.688,1.645845434999999,59.4673871336479,5.52216425638164,42.1887159072009,1.9546,-0.000256391,0.005293367639398062,115,0.9809141135107986
2025/4/26,1.954,1.894453497931314,1.95311002,7.640138420928083,6.342964046800583,12.33254001391789,24.664,1.644245068333333,59.4693341668417,5.52131705369493,42.1810188389485,1.9538,-0.00027594,0.005192991401381378,116,0.9804118533400301
2025/4/27,1.953,1.888513551637257,1.954561423333333,7.643625271249918,6.35155474180325,12.35153856845031,24.704,1.646911301666666,59.478056930802,5.52116433900397,42.1794627434183,1.9533999999999998,-0.000269173,0.005156131673846233,117,0.9809141135107986
2025/4/28,1.955,1.886942747732226,1.956628761666666,7.649129406741999,6.357336013023916,12.36890006939626,24.736,1.649044018333333,59.4545236593035,5.52811178236149,42.1975668468598,1.9533999999999998,-0.000223308,0.005206089101482441,118,0.9819186338523355
2025/4/29,1.957,1.890588042247238,1.957193623333333,7.650529648570499,6.360838941716583,12.37409500693482,24.752,1.650109748333333,59.4086639504897,5.54734643320971,42.2109310742854,1.9538,-0.000171429,0.005229122379382655,119,0.982420894023104
2025/4/30,1.957,1.889206395029281,1.955955821666666,7.646533326074666,6.352799853323584,12.35869861111111,24.719,1.647909161666667,59.3985594877668,5.55474416835284,42.2095364298208,1.9542000000000002,-0.000145113,0.005315748927341067,120,0.9819186338523355
2025/5/1,1.956,1.887788735587202,1.956610159166666,7.648085099869083,6.360004295870833,12.37492718446602,24.749,1.649909555833333,59.4080445873557,5.5509484951939,42.2032028797921,1.955,-0.000115789,0.0052432785822611174,121,0.982420894023104
2025/5/2,1.957,1.887689787158205,1.956045796666666,7.646021677315749,6.356674535000333,12.36855863983346,24.736,1.649043686666666,59.3793367214275,5.56680315818794,42.2135243706471,1.9554000000000002,-0.000115038,0.005170211246139242,122,0.9819186338523355
2025/5/3,1.956,1.887486962423925,1.955674684166667,7.644661445958083,6.356306800021583,12.36904094378904,24.734,1.648909003,59.3750186870463,5.56778865638371,42.2072599089331,1.9554000000000002,-0.000128571,0.004963144480098987,123,0.9819186338523355
2025/5/4,1.956,1.88945669155084,1.954875389166667,7.642328716643833,6.348096049249166,12.35097915218903,24.701,1.646710014166667,59.3705088789403,5.56920382962894,42.2001679399634,1.955,-0.00017218,0.004822721708425643,124,0.981416373681567
2025/5/5,1.955,1.889378227708987,1.953990569166666,7.639430079571166,6.348073533508417,12.34822237665045,24.698,1.646510493333333,59.3804164798584,5.56727051108678,42.1938440417542,1.9546,-0.000198496,0.004596078037837936,125,0.9809141135107986
2025/5/6,1.954,1.890815866409578,1.953543655833333,7.638030386334499,6.340152902285165,12.33293528183716,24.668,1.644510474166666,59.3794125908373,5.56805484950088,42.188012703642,1.954,-0.000188722,0.0044316499597381945,126,0.9809141135107986
2025/5/7,1.954,1.892396462903103,1.953040099166667,7.636358675698249,6.340039557817917,12.33210647181629,24.666,1.64437788,59.3833598226697,5.56921719314683,42.1814622701866,1.9533999999999998,-0.000185714,0.004298209371297221,127,0.9804118533400301
2025/5/8,1.953,1.895706978170193,1.952628743333333,7.63504806094825,6.336535750405333,12.32594777158774,24.652,1.643444523,59.3854871457662,5.5693075954456,42.1772072061477,1.9527999999999999,-0.000173684,0.004208997353046457,128,0.9804118533400301
2025/5/9,1.953,1.898616374341472,1.951675198,7.632412046829999,6.332309197925833,12.31591916376307,24.632,1.642112393,59.3921096421893,5.56912546310943,42.1723550822813,1.9522000000000002,-0.000166917,0.004243221426071961,129,0.9799095931692616
2025/5/10,1.952,1.886902993794318,1.952485143333333,7.633328350168584,6.34018045635375,12.33416283924843,24.669,1.64457791,59.3972031542735,5.57119725076916,42.1715878519827,1.9518,-0.000165414,0.004321644112984029,130,0.9799095931692616
2025/5/11,1.952,1.891502839480299,1.952200049166666,7.63249151882275,6.334943467901333,12.32371657381615,24.649,1.643245028,59.3608274832429,5.57603527495677,42.1721407164704,1.9514,-0.000170677,0.004503094523921984,131,0.9799095931692616
2025/5/12,1.952,1.891021259893006,1.952347690833333,7.632515488964582,6.338826734620666,12.33248990953375,24.665,1.644311823333333,59.3643343087739,5.57802280355142,42.1707279274241,1.9512,-0.000184211,0.004673678197445362,132,0.9799095931692616
2025/5/13,1.952,1.892500091731969,1.952633408,7.632992007985666,6.340064857542167,12.33564996520528,24.672,1.644778900833333,59.3563587192185,5.58128097499398,42.1755465922415,1.9512,-0.000177444,0.004753504048186434,133,0.9804118533400301
2025/5/14,1.953,1.89456817786627,1.951881706666666,7.630729417134249,6.335640726819916,12.32572632311978,24.653,1.64351246,59.3448231686892,5.58534517963123,42.1715270750992,1.9512,-0.000196241,0.004821951776790378,134,0.9799095931692616
2025/5/15,1.952,1.892973886476039,1.951227400833333,7.628419389001083,6.335237809334916,12.32342409470752,24.65,1.643312249166666,59.3533083529358,5.58604509179724,42.1665379945467,1.9512,-0.000226316,0.004750744953637163,135,0.9799095931692616
2025/5/16,1.951,1.898363315113729,1.95070715,7.626741944178665,6.330992322575833,12.31530940766551,24.633,1.642180684166666,59.351319896371,5.58431567010777,42.1584229888014,1.951,-0.000283459,0.004690915471797755,136,0.9794073329984931
2025/5/17,1.951,1.903614421426964,1.949503133333333,7.623780317662835,6.323852125427584,12.30039567341242,24.6,1.639981855833333,59.3611160211992,5.58597401999709,42.1537847927695,1.9506000000000001,-0.00033609,0.004591138390228285,137,0.9789050728277248
2025/5/18,1.95,1.906385171730755,1.94854275,7.620703895465833,6.317811345465833,12.28701117318436,24.575,1.63831548,59.376642563222,5.58364408456132,42.1412258766168,1.9498000000000002,-0.000365414,0.004576792065021312,138,0.9784028126569563
2025/5/19,1.949,1.908403550228293,1.947412215,7.617343482791167,6.311920836,12.27477832167833,24.549,1.636582723333333,59.3878215985688,5.58419199420022,42.1371867238029,1.9490000000000003,-0.000382707,0.004662788961442353,139,0.9779005524861878
2025/5/20,1.947,1.911440910293964,1.946505693333333,7.614453716859916,6.307799445877833,12.2660020993702,24.531,1.635382809166666,59.3947264247636,5.57968922255562,42.121507626573,1.948,-0.000416541,0.004836937574736137,140,0.9773982923154193
2025/5/21,1.947,1.901307293716795,1.946138011666666,7.612788659671583,6.30627984825025,12.26270958712385,24.526,1.63504955,59.4017655992119,5.58126084876183,42.1165926104395,1.9470000000000003,-0.000435338,0.005171624273063107,141,0.9768960321446509
2025/5/22,1.946,1.901493367859417,1.949101618333333,7.620726179622583,6.321367818500166,12.29763642707606,24.596,1.639715623333333,59.3915882978172,5.57839355872014,42.1297638355452,1.9466,-0.000424812,0.005498991192620493,142,0.9779005524861878
2025/5/23,1.949,1.900577269638422,1.950472941666666,7.623893101244499,6.32969253902425,12.31695331010453,24.635,1.64231513,59.357164902075,5.59243347180409,42.1507151515102,1.9468,-0.000373684,0.005877441043131018,143,0.9789050728277248
2025/5/24,1.95,1.905781474456611,1.948769133333333,7.61917211405075,6.319811399848583,12.29524720670391,24.591,1.639382645,59.3231721768418,5.60173003723589,42.1506145628211,1.9469999999999998,-0.000343609,0.0061833973425654744,144,0.9784028126569563
2025/5/25,1.949,1.904683454939742,1.948456351666667,7.617797881188251,6.3191939383615,12.29526885474861,24.589,1.639249885833333,59.3463698656969,5.5970394532756,42.1368361755639,1.9474,-0.000320301,0.006402817084141943,145,0.9784028126569563
2025/5/26,1.948,1.908260321226626,1.947181885,7.61412764567825,6.311924431079916,12.28005241090147,24.557,1.637118543,59.3354322511597,5.60140156110063,42.1317561753128,1.9478000000000002,-0.000303759,0.00646496759852829,146,0.9779005524861878
2025/5/27,1.947,1.90835484401719,1.946913498,7.612740083534584,6.308867552642334,12.27231468531468,24.547,1.636452533333333,59.3557474575659,5.59724289581232,42.1291941348305,1.9476,-0.000308271,0.006450272535873265,147,0.9773982923154193
2025/5/28,1.947,1.907263587341891,1.946434115833333,7.611050015536999,6.308349592444667,12.27053706293706,24.544,1.636252259166666,59.3503256480791,5.5983090420883,42.1239079417714,1.9469999999999998,-0.000303759,0.0063350516667899015,148,0.9773982923154193
2025/5/29,1.946,1.908613951866206,1.945112805833333,7.607209087517084,6.300540820668418,12.25622549019608,24.51,1.633986219166666,59.3419453546664,5.59842153477433,42.1133077374343,1.9462,-0.000334586,0.00633505618597378,149,0.9763937719738824
2025/5/30,1.945,1.911953595607779,1.944198568,7.60437307878825,6.298186644505916,12.24912824106517,24.498,1.633186857499999,59.361810265967,5.59511572927997,42.1037937898483,1.9454,-0.000354887,0.006198954408684544,150,0.9763937719738824
2025/5/31,1.944,1.914034612487499,1.943414289166666,7.601989635050666,6.293494419710584,12.23854137447405,24.478,1.631852658333333,59.3696610840588,5.59422751989471,42.0946278944972,1.9446,-0.000378947,0.00625739101624078,151,0.975891511803114
2025/6/1,1.943,1.914173757642794,1.942285009166666,7.598333533182833,6.288141560999249,12.22797894736842,24.455,1.630319473333333,59.3713674065656,5.59443187685518,42.0850011058882,1.9438,-0.000405263,0.006263414888488886,152,0.9753892516323455
2025/6/2,1.942,1.916460655137979,1.941774693333333,7.597028924890584,6.283661223294416,12.21639185393258,24.436,1.629052816666666,59.3732861326185,5.59413445905324,42.0778678769066,1.9428,-0.000416541,0.006418872379343343,153,0.9748869914615771
2025/6/3,1.942,1.907360379106509,1.943566383333333,7.601155681474333,6.292297057773583,12.23891164095372,24.479,1.631918026666666,59.3871779281118,5.59204293693822,42.083285967587,1.9424,-0.000412782,0.006549016821159298,154,0.9753892516323455
2025/6/4,1.944,1.894368888087401,1.947700071666666,7.6117589767355,6.317172043260666,12.29377739009072,24.592,1.639449519166666,59.3600889656116,5.59697096208425,42.1091958429317,1.9428,-0.000338346,0.00665189122197512,155,0.9773982923154193
2025/6/5,1.948,1.89677823406895,1.950223449166666,7.618178424611167,6.328954108702083,12.32366782729805,24.649,1.643249835833333,59.2807917332977,5.61585750140985,42.1514734353843,1.9440000000000002,-0.000229323,0.006821089261899238,156,0.9789050728277248
2025/6/6,1.95,1.902733103185787,1.949406229166666,7.615781557326667,6.326628618842834,12.31905574912891,24.637,1.642449981666666,59.2343482772953,5.62868543783719,42.163342059172,1.9454,-0.000134586,0.0068733227607808076,157,0.9789050728277248
2025/6/7,1.949,1.900393736890125,1.947704815833333,7.61064920830625,6.31716492858775,12.29754501046755,24.596,1.639716995833333,59.2308100594025,5.63229869551749,42.1497323886719,1.9466,-8.42E-05,0.006888385020562363,158,0.9779005524861878
2025/6/8,1.948,1.901109395003515,1.946611314999999,7.607350370774084,6.313696968541084,12.28915432960894,24.579,1.638583548333333,59.256345927999,5.62257714991589,42.136291716012,1.9474,-6.24E-05,0.006699655714308736,159,0.9773982923154193
2025/6/9,1.947,1.902324371086793,1.945748704999999,7.604592200428499,6.309802765788668,12.28032634521313,24.562,1.637450588333333,59.2637106511949,5.62175173136912,42.1245556153004,1.9472,-6.92E-05,0.0064455102279525715,160,0.9768960321446509
2025/6/10,1.946,1.903964084970094,1.945050109166666,7.602347059380583,6.302933350218582,12.26691952414276,24.535,1.635650835833333,59.2739111133161,5.6182880308514,42.1178966770438,1.9462,-0.000104511,0.006237271035021211,161,0.9763937719738824
2025/6/11,1.945,1.906319283587958,1.944338714999999,7.600307352446082,6.301637564066083,12.26245486354093,24.527,1.63511666,59.2768493863556,5.61955988472572,42.1092253853176,1.9451999999999998,-0.000106767,0.005937058633715015,162,0.9763937719738824
2025/6/12,1.944,1.905032210851853,1.943629094999999,7.597881422174749,6.299398290251917,12.25925700280112,24.517,1.634451485833333,59.2871661023382,5.61847484997249,42.1045898224449,1.9444,-8.72E-05,0.0057287057186398566,163,0.975891511803114
2025/6/13,1.944,1.903959997291595,1.942928050833333,7.595385397577083,6.293965396088083,12.2473258584443,24.496,1.633051185833333,59.2847097745757,5.61828967478659,42.0971467856667,1.9436,-8.87E-05,0.005513630928794769,164,0.9753892516323455
2025/6/14,1.943,1.907259134632099,1.942607999166666,7.59431353031225,6.294237381548751,12.24784442887177,24.496,1.633051089999999,59.2810558047164,5.61634815140435,42.0900959316233,1.943,-8.12E-05,0.00541096796967643,165,0.9753892516323455
2025/6/15,1.943,1.902620411431891,1.942049280833333,7.592325736284999,6.290673654389832,12.24126858345021,24.482,1.632117125833333,59.2912540407174,5.61652880664811,42.0878148851628,1.9424,-9.47E-05,0.0053901472850407944,166,0.9748869914615771
2025/6/16,1.942,1.90432096669658,1.942589183333333,7.593417735684334,6.294260681,12.25111212333567,24.499,1.63325107,59.2808853715827,5.61457526193748,42.0869115533218,1.9420000000000002,-0.000100752,0.005416121426506684,167,0.9753892516323455
2025/6/17,1.943,1.908090410161327,1.942247069166666,7.592458601855834,6.293896728080499,12.24753048353189,24.496,1.633050912499999,59.2901097607217,5.59448660628456,42.0679880424834,1.9416,-0.000115038,0.005590889485605095,168,0.9748869914615771
2025/6/18,1.942,1.90592958586638,1.941951071666666,7.59129396516425,6.288649926759916,12.23829032258064,24.477,1.631782624166666,59.2803897688933,5.62077028220246,42.0884253952775,1.9414000000000002,-0.000153383,0.005693650794963529,169,0.9748869914615771
2025/6/19,1.942,1.909549580338698,1.940964718,7.588136267669499,6.284881886198333,12.22983649122808,24.46,1.630651125,59.278962882043,5.61852652467385,42.0833930672207,1.9411999999999998,-0.000187218,0.005757525399006337,170,0.9748869914615771
2025/6/20,1.941,1.913254373194505,1.939342073,7.58364483614675,6.27376477991775,12.20724964838257,24.412,1.627450929166666,59.2813581997645,5.61867025591828,42.06979984,1.9408,-0.000260902,0.005864802407158633,171,0.9738824711200401
2025/6/21,1.939,1.915129868379431,1.938428263333333,7.580980271626251,6.26961479431375,12.19555102040817,24.393,1.626183640833333,59.3050895112921,5.61610087395263,42.05246306,1.94,-0.000358647,0.005929744805124094,172,0.9733802109492716
2025/6/22,1.938,1.917780991044856,1.937975863,7.57959522418425,6.265094919874084,12.18908169014084,24.375,1.6249845,59.3138754355241,5.61355946633296,42.0449360663157,1.9392,-0.000480451,0.0061180448648972055,173,0.9728779507785033
2025/6/23,1.938,1.920796538707174,1.9372525,7.577389281229918,6.264803830352417,12.18568732394366,24.371,1.624717521666666,59.314489525156,5.61644201269632,42.0429702541723,1.9384000000000001,-0.000580451,0.006245582032211972,174,0.9728779507785033
2025/6/24,1.937,1.918532912387686,1.936293415833333,7.57409520493075,6.258538151728249,12.17343794076163,24.346,1.623050322499999,59.3294095521768,5.61517125538254,42.0338607664745,1.9373999999999998,-0.00062406,0.006520850437978941,175,0.9723756906077348
2025/6/25,1.936,1.922239405826406,1.935594132499999,7.572146384047417,6.253933282884583,12.16305434015526,24.326,1.621718815,59.3280719129143,5.61138607517298,42.0234243853867,1.9365999999999999,-0.000619549,0.00687921356900932,176,0.9718734304369663
2025/6/26,1.936,1.921358021984741,1.934960953,7.569999547682249,6.25359706444975,12.16114114326042,24.323,1.621517192499999,59.3354451771344,5.61446208910094,42.0193967139393,1.9358,-0.000608271,0.007312266883219165,177,0.9713711702661978
2025/6/27,1.935,1.923223694764401,1.93424083,7.567578744623834,6.249721202417499,12.15378248587571,24.307,1.620450675833333,59.3339404248146,5.61092454829867,42.0124536317138,1.9352,-0.000606015,0.0078020761977476505,178,0.9713711702661978
2025/6/28,1.934,1.922435922788214,1.933691989166666,7.565783974392833,6.250816024918834,12.15439124293786,24.309,1.620589532499999,59.3392184546202,5.61355679860623,42.0083547346539,1.9344000000000001,-0.000614286,0.008337056676046312,179,0.9708689100954294
2025/6/29,1.934,1.924383607222329,1.933095384166666,7.563840302105667,6.246334277307666,12.14646855123675,24.291,1.619388769166666,59.3427151170023,5.60945051130845,42.0020783473509,1.9336000000000002,-0.000633083,0.008939036045317867,180,0.9703666499246609
2025/6/30,1.933,1.922700530126856,1.932768303,7.562412409401666,6.241807534542499,12.1326711173577,24.275,1.618323865833333,59.344859182098,5.61151883681141,42.0045005378839,1.9329999999999998,-0.00064812,0.00954419508106537,181,0.9703666499246609
2025/7/1,1.933,1.923294081950056,1.932155006666666,7.560543658636167,6.23859277653125,12.12765119549928,24.261,1.617389997499999,59.3762613992453,5.60283509356506,42.0901157596399,1.9324,-0.000659398,0.010014797533129326,182,0.9698643897538924
2025/7/2,1.932,1.926323431465752,1.93149477,7.558327119670084,6.231587923076169,12.11700281690142,24.234,1.615589506666666,59.3832968035822,5.60245093609428,42.0900830497742,1.9318000000000002,-0.000666917,0.01025974979423114,183,0.9698643897538924
2025/7/3,1.932,1.929049036965435,1.930864020833333,7.556500562149666,6.23380817130075,12.11929134412386,24.239,1.615922641666666,59.384381542887,5.60364072053412,42.074830431391,1.9311999999999998,-0.000686466,0.01044647268108337,184,0.969362129583124
2025/7/4,1.931,1.935288309076615,1.930404233333333,7.5550753707485,6.232076942109584,12.11599084507043,24.231,1.615389728333333,59.3974197296413,5.59938585345218,42.0761657070995,1.9308,-0.00068797,0.010486706776415835,185,0.969362129583124
2025/7/5,1.93,1.932949554472377,1.929797761666666,7.553075278027582,6.227302963,12.10672868217055,24.212,1.614122706666666,59.4026949583344,5.60360163199797,42.0711350046506,1.9302,-0.000701504,0.010516908370205955,186,0.9688598694123556
2025/7/6,1.93,1.933176393990315,1.929191588333333,7.551082955738416,6.225613748686584,12.09953488372093,24.204,1.613588670833333,59.4028030568415,5.60224287627251,42.0656412028821,1.9297999999999997,-0.000681203,0.010423820723472404,187,0.9688598694123556
2025/7/7,1.929,1.933538002378771,1.928483703333333,7.548644430009666,6.220827310551416,12.08783286318759,24.185,1.612321500833333,59.4075633619532,5.59991955474289,42.0632600491083,1.9291999999999998,-0.000671429,0.010374703069174367,188,0.9683576092415871
2025/7/8,1.928,1.935196741498652,1.927942338333333,7.546862143388751,6.220200130030918,12.09612288135594,24.181,1.612055419166667,59.4070494839092,5.60088237699087,42.0601618955591,1.9286,-0.000656391,0.010348597109756903,189,0.9678553490708186
2025/7/9,1.928,1.933711394826086,1.927223061666666,7.544428187666417,6.21602657458575,12.08376059322034,24.164,1.610922033,59.405255027639,5.60237935965336,42.0421288453851,1.9280000000000002,-0.000620301,0.01037792868005081,190,0.9678553490708186
2025/7/10,1.927,1.936480589962931,1.926699271666666,7.542685470652334,6.214517780401168,12.08129519774012,24.157,1.610453919166666,59.4078037462836,5.6000389783021,42.0374021078083,1.9274,-0.000609023,0.010424000817841735,191,0.9673530889000501
2025/7/11,1.927,1.942060180752261,1.926462843333333,7.542131916030916,6.211604322998166,12.07110459363957,24.145,1.609655474999999,59.4154490330837,5.60241998246894,42.0380865237347,1.9268,-0.000593985,0.01044456418387447,192,0.9673530889000501
2025/7/12,1.926,1.939756483425711,1.925864900833333,7.539870046569417,6.206253514966417,12.06312526539278,24.125,1.608321880833333,59.4241303980527,5.60102689217517,42.0365960133115,1.9262000000000001,-0.000590977,0.01051927012910731,193,0.9668508287292817
2025/7/13,1.926,1.938332036535174,1.925100020833333,7.537329165066332,6.204678837,12.05822576079264,24.117,1.607787305833333,59.4146125125239,5.60010575948083,42.0249294767298,1.9256,-0.000584211,0.010481613971399305,194,0.9663485685585133
2025/7/14,1.925,1.940475319997549,1.924855554999999,7.536352295,6.205292596425499,12.05426397735315,24.119,1.607921610833333,59.4196670038441,5.6012303704753,42.0192348685448,1.925,-0.000573684,0.010493409174350368,195,0.9663485685585133
2025/7/15,1.925,1.940618511089415,1.924460304166666,7.535142692057166,6.202100328856917,12.05255453257791,24.106,1.607054203333333,59.419958023598,5.6036318481108,42.0184044303227,1.9245999999999999,-0.000560902,0.010351980111529206,196,0.9663485685585133
2025/7/16,1.924,1.94097310985951,1.923780265,7.532705998366835,6.201120259535917,12.04728328611898,24.101,1.606721006666666,59.418892302001,5.60050533698458,42.0118989800873,1.9240000000000002,-0.000561654,0.010204453022991694,197,0.9658463083877449
2025/7/17,1.924,1.944453072111468,1.923386553333333,7.531529958166833,6.192921212364333,12.03574486180015,24.07,1.604654655833333,59.4164399026454,5.60591220546639,42.0051204181161,1.9235999999999998,-0.000545865,0.010001960047015746,198,0.9658463083877449
2025/7/18,1.923,1.943314585168429,1.922762835833333,7.529265932603668,6.190750855014667,12.03154042553191,24.061,1.604053388,59.4306562401565,5.60217679301903,42.0112902360001,1.9232,-0.000543609,0.009797937885804364,199,0.9653440482169763
2025/7/19,1.923,1.943693824450433,1.921751128333333,7.525892635600333,6.189666500115417,12.02424893617021,24.054,1.603587179166666,59.4208517504234,5.601598921,41.9960692897791,1.9225999999999999,-0.000554887,0.009613944094935567,200,0.9648417880462079
2025/7/20,1.922,1.945341570970033,1.920557077499999,7.522347569802832,6.181896138015166,12.01000071022728,24.021,1.601386783,59.4266945602523,5.60371295558946,41.98878796,1.9218,-0.00056391,0.009439661734766335,201,0.9643395278754394
2025/7/21,1.921,1.951353939552174,1.919311663333333,7.518464738206333,6.177083354,11.99919985775249,23.999,1.599919962499999,59.4318268552099,5.60267935407018,41.980397328448,1.921,-0.000584962,0.009375371201998802,202,0.963837267704671
2025/7/22,1.919,1.949251103517362,1.918489673333333,7.515984596262916,6.172455300727417,11.9927359430605,23.979,1.59858641,59.4540711566063,5.59925827046863,41.9727461880792,1.92,-0.000602256,0.00936888571788316,203,0.9633350075339024
2025/7/23,1.918,1.950423338063869,1.918218313333333,7.514935275013082,6.171703774489917,11.98784839857651,23.976,1.598386019166666,59.4507206357373,5.5962347924978,41.9648057816869,1.919,-0.000630075,0.00946211850237442,204,0.9628327473631341
2025/7/24,1.918,1.957300608833482,1.917281409166667,7.512055522910834,6.164357049884501,11.97164372759858,23.946,1.596385300833333,59.437377269751,5.60759986999767,41.9033672022603,1.9182,-0.000638346,0.00952216766976467,205,0.9628327473631341
2025/7/25,1.917,1.957146070276196,1.915820500833333,7.507593991660584,6.160992047631417,11.96387302725969,23.928,1.595185863333333,59.4250161597529,5.60745335874785,41.8498685632745,1.9174,-0.000657143,0.009679186694051836,206,0.9623304871923656
2025/7/26,1.916,1.962879014647049,1.915031874999999,7.5050658115095,6.153653919450667,11.95013577586207,23.899,1.593251761666666,59.4368092431833,5.60276666794094,41.8381031925344,1.9163999999999999,-0.000684962,0.009893167829952122,207,0.9613259668508286
2025/7/27,1.915,1.965509957636599,1.914136228,7.502350446098916,6.148259617661917,11.93747807332855,23.876,1.591718436666667,59.4462716174429,5.60530415402818,41.8321076850187,1.9156,-0.000706015,0.010111137239196441,208,0.9613259668508286
2025/7/28,1.914,1.968429074108145,1.913420204166666,7.500271587101667,6.14163291316525,11.9253798561151,23.849,1.589919191666666,59.4584473573487,5.60460681470066,41.8237049482231,1.9148,-0.00073609,0.010380392722674414,209,0.9608237066800602
2025/7/29,1.913,1.967472399815864,1.912376193,7.496686604072917,6.140191847803917,11.91879409647229,23.841,1.589385906666666,59.4706090559839,5.60445532253526,41.8246039005088,1.9137999999999997,-0.000759398,0.010606516204067964,210,0.9603214465092917
2025/7/30,1.912,1.971913736206484,1.911192806666666,7.493087641958166,6.132320625794417,11.9031997116078,23.808,1.587185306666666,59.461349708595,5.60287734804834,41.8079262249263,1.9128,-0.000790226,0.010962579821403013,211,0.9598191863385234
2025/7/31,1.911,1.981859676182768,1.910323531666666,7.490781159765916,6.126946394305582,11.89303968253969,23.784,1.585585618,59.473414954889,5.60264672613889,41.7973049781132,1.9120000000000001,-0.000812782,0.011223867200174736,212,0.9593169261677548
2025/8/1,1.91,1.98027059876001,1.909617619166666,7.48857884,6.125744245970667,11.88878700361011,23.777,1.585118240833333,59.4970735737217,5.60442711619256,41.7957558004651,1.911,-0.000841353,0.011562881834265371,213,0.9588146659969864
2025/8/2,1.91,1.980644927232705,1.908801203333333,7.485793919245251,6.121349878192667,11.87975578034682,23.759,1.583918578333333,59.4936409343689,5.60315893201832,41.7894217438396,1.9102000000000001,-0.000861654,0.011800171346129389,214,0.9588146659969864
2025/8/3,1.909,1.98322540059005,1.907520875,7.481814389566749,6.115749865450667,11.86708098336949,23.734,1.582252575833333,59.4932339447699,5.60178583459217,41.7731921666924,1.9092000000000002,-0.00088797,0.012150821585855905,215,0.9578101456554495
2025/8/4,1.908,1.977256242295838,1.906634183333333,7.477931051595418,6.113064275825584,11.86355354558611,23.725,1.581651356666666,59.5069628708279,5.60055392311775,41.76907507,1.9083999999999999,-0.000888722,0.012393962280745482,216,0.9578101456554495
2025/8/5,1.907,1.989983930517425,1.904957708,7.473750709185166,6.102765246615334,11.83920957215373,23.678,1.578518514166666,59.4895952160856,5.60067933208528,41.7528915976641,1.9073999999999998,-0.000908271,0.012744709417459426,217,0.9568056253139126
2025/8/6,1.905,1.994004772811505,1.904247312499999,7.471476751910332,6.09844136180075,11.83199274310595,23.66,1.577319549166666,59.5158432544822,5.60267963104187,41.7450427244783,1.9064,-0.000915038,0.013026546282112056,218,0.9563033651431441
2025/8/7,1.904,1.995422532440927,1.903312933,7.468391805552333,6.096444299850166,11.82572641509434,23.65,1.576644545833333,59.5310242852944,5.60157381444394,41.7424096742482,1.9054000000000002,-0.000909023,0.013319403332725197,219,0.9563033651431441
2025/8/8,1.903,1.998548300950392,1.901994168,7.464009792115833,6.092566157622668,11.81844008714597,23.632,1.575446273,59.5343481916852,5.60136059660601,41.7319924910671,1.9044,-0.000920301,0.013665838988773497,220,0.9552988448016071
2025/8/9,1.902,1.999687346834337,1.90066198,7.459906438047667,6.085660634267416,11.80163345454545,23.602,1.573447235833333,59.539908335778,5.60279524031833,41.722518915675,1.9032,-0.000933083,0.013971735662565916,221,0.9547965846308387
2025/8/10,1.901,2.00364678347441,1.899078168333333,7.455069268413833,6.0773891868715,11.78387399854333,23.566,1.571045405,59.5443317331369,5.60275558041542,41.7101560303279,1.902,-0.000961654,0.01436205830564374,222,0.9537920642893019
2025/8/11,1.899,2.008815108505033,1.897724443,7.450949822404583,6.071401035864334,11.76875419401896,23.539,1.569247443,59.5514147391362,5.60149161833137,41.6950817452947,1.9007999999999998,-0.000990226,0.014654260085686002,223,0.9532898041185333
2025/8/12,1.898,2.015487179925703,1.896195796666666,7.44628631568925,6.0639267527755,11.75457372262774,23.506,1.567048660833333,59.5643036009041,5.6005022857325,41.6806794651197,1.8992,-0.001033083,0.015061949108955999,224,0.9522852837769964
2025/8/13,1.896,2.023881874236613,1.894741178333333,7.441897320330416,6.053887098065999,11.73191587417703,23.464,1.564248504166666,59.5776125744278,5.60292166339072,41.6752671213654,1.8977999999999997,-0.001058647,0.015389633867474706,225,0.951783023606228
2025/8/14,1.895,2.028079425310292,1.893449211666667,7.437805157037249,6.050465497788916,11.72299853587116,23.447,1.563116413,59.5930737123883,5.60131755069932,41.6605132771866,1.8963999999999999,-0.001081203,0.01577364630300265,226,0.9512807634354594
2025/8/15,1.893,2.033517478755173,1.89142472,7.431417952940917,6.03914826378425,11.70027586206897,23.399,1.559917573,59.6050528226807,5.60205807041198,41.6496567087544,1.895,-0.001130827,0.01611694842028881,227,0.9502762430939226
2025/8/16,1.891,2.043128760617232,1.889865354166666,7.426835566265501,6.030479182,11.68017046289493,23.361,1.5573855,59.6156502630719,5.60297074305359,41.6319103652143,1.8934000000000002,-0.00117594,0.016539140498398892,228,0.9492717227523856
2025/8/17,1.89,2.04468067812939,1.888785033,7.423171607576332,6.027151708149082,11.67159926470588,23.346,1.556385130833333,59.637614350152,5.60101795071763,41.6231794354831,1.8920000000000001,-0.001215038,0.016945383848255956,229,0.9487694625816172
2025/8/18,1.889,2.049497278971165,1.887166439166666,7.418081854166166,6.019621220547501,11.6565088365243,23.313,1.554185556666666,59.6427654583734,5.59982730065949,41.6097770986565,1.8904,-0.001262406,0.017420020795387885,230,0.9477649422400803
2025/8/19,1.887,2.059750464459649,1.885472434166666,7.412848418072832,6.011701870151665,11.63904424778761,23.278,1.551852099166666,59.6459865793403,5.60270036846979,41.594103576185,1.8885999999999998,-0.001316541,0.017952150652385142,231,0.9467604218985434
2025/8/20,1.885,2.064471685325186,1.883680623,7.407372136442417,6.004510752307501,11.62256425406204,23.245,1.549652214166666,59.6640147443998,5.60421151792648,41.5810337310566,1.887,-0.001361654,0.01848680562252104,232,0.9462581617277749
2025/8/21,1.884,2.072287895486344,1.882225304166667,7.402750545513252,5.994801978812166,11.6045599112426,23.205,1.546985850833333,59.6758380560897,5.60447523980989,41.5680904163347,1.8854,-0.00141203,0.019064872942055177,233,0.945253641386238
2025/8/22,1.882,2.078142441255205,1.881373,7.400093985953167,5.990123375003499,11.59137379718727,23.185,1.545651944166666,59.6863820024444,5.60532845907782,41.5587575349927,1.8838000000000001,-0.00143609,0.019634579170810327,234,0.9447513812154695
2025/8/23,1.881,2.081759696359117,1.879760238333333,7.394934692894751,5.98445797375075,11.57843291326909,23.159,1.543918811666666,59.6966074915806,5.60485128403017,41.5492125990181,1.8823999999999999,-0.00146391,0.020191021568210635,235,0.944249121044701
2025/8/24,1.88,2.089385626613222,1.878373029999999,7.390567834433249,5.978920156412999,11.56793768545994,23.134,1.542252993333333,59.6995977811706,5.60760318407341,41.5327586543238,1.8809999999999998,-0.001479699,0.02072769106344688,236,0.9432446007031642
2025/8/25,1.878,2.094051279385497,1.877076475,7.386280102564499,5.971395184514749,11.54969539375929,23.103,1.540185835,59.711234968618,5.60694860100637,41.5208917170418,1.8796,-0.001497744,0.021198111484995244,237,0.9427423405323957
2025/8/26,1.877,2.093573228710761,1.875948985,7.382505454978666,5.967595579592833,11.54307211895911,23.086,1.539052669166666,59.7322286557962,5.59840718943391,41.5085889285957,1.8783999999999998,-0.001503759,0.021681621875354853,238,0.9422400803616272
2025/8/27,1.876,2.098590406997017,1.874660713,7.378386439894333,5.962726715294917,11.52996875,23.064,1.537585955,59.7281842966895,5.60044466979176,41.4951002211774,1.8771999999999998,-0.001481955,0.022049401905110514,239,0.9417378201908588
2025/8/28,1.875,2.104720463301095,1.873470795,7.374532673786583,5.955479188641416,11.51718330849479,23.034,1.535587703,59.7321928220524,5.6026770121607,41.4853918348187,1.8758,-0.001476692,0.02242655338201048,240,0.9407332998493219
2025/8/29,1.873,2.107868127295285,1.872485749166667,7.371190680616418,5.952068078239334,11.50947203579418,23.019,1.534586658,59.7418185049345,5.60317191442199,41.4761547243687,1.8745999999999998,-0.001457895,0.022672208669712864,241,0.9402310396785535
2025/8/30,1.872,2.114767693637905,1.871448266666666,7.367869190180667,5.947782208868167,11.50002611940299,23,1.533319556666666,59.7463907764081,5.60315127768391,41.459733495149,1.8734000000000002,-0.001441353,0.022923545198239057,242,0.939728779507785
2025/8/31,1.871,2.114015443694937,1.870889268,7.365793949796833,5.943015364790167,11.49188349514563,22.982,1.532119195,59.757891731505,5.60108819328246,41.4524306762627,1.8722,-0.001412782,0.022994286331664063,243,0.9392265193370166
2025/9/1,1.871,2.115868346050939,1.869826594166666,7.361982188087667,5.939466211257333,11.48580792227205,22.967,1.531119724166666,59.7512072399417,5.60409118665089,41.4476493974022,1.8712,-0.001373684,0.023073612549172694,244,0.9392265193370166
2025/9/2,1.87,2.124109398279611,1.868475246666666,7.357808874085666,5.933970767358167,11.46999102468212,22.942,1.529453826666666,59.7506290868875,5.60639107219876,41.4404617726475,1.8702,-0.00133985,0.02301430271879743,245,0.9382219989954796
2025/9/3,1.868,2.116978106156107,1.868478035,7.357027016577249,5.933742601643583,11.47337920718025,22.944,1.529587460833333,59.7684513144244,5.60350453463601,41.4327032305032,1.8694,-0.001281203,0.022819321788311666,246,0.9382219989954796
2025/9/4,1.868,2.115724979813333,1.867606643333333,7.35378867083525,5.930800497464082,11.46629041916168,22.932,1.52878657,59.7453871966874,5.61368418753954,41.4329343585047,1.8686,-0.001229323,0.022585188680154283,247,0.9377197388247112
2025/9/5,1.868,2.132316308087972,1.865229366666667,7.346771240549083,5.918648190386584,11.43928432108027,22.878,1.525185955833333,59.7313273793147,5.61897302267598,41.4151048941457,1.8676000000000001,-0.0012,0.02221689703205901,248,0.9367152184831742
2025/9/6,1.865,2.142026235696163,1.864380350833333,7.344528992046584,5.9110135709725,11.42248159278738,22.846,1.523053746666666,59.7691436557992,5.61245766855945,41.3974198741154,1.8664,-0.001163158,0.021899908549180624,249,0.9362129583124058
2025/9/7,1.864,2.143529629036492,1.862961686666667,7.339460123032834,5.90629593367375,11.41312406015038,22.826,1.52172017,59.7837909912282,5.61100968922667,41.3803747443557,1.8654,-0.001134586,0.02145520783241174,250,0.9357106981416373
2025/9/8,1.863,2.145100882451247,1.861527283,7.334564255038833,5.902385363009666,11.40502182091798,22.808,1.520521310833333,59.7819577810721,5.61359438336824,41.3714760549194,1.864,-0.001130075,0.0211062487301077,251,0.9347061778001003
2025/9/9,1.862,2.153528883060704,1.860444034166666,7.33102394216825,5.893893000999083,11.38696834966089,22.774,1.518258935833333,59.7838560606823,5.61494681261514,41.3598278518358,1.8626,-0.001119549,0.02071895631913284,252,0.934203917629332
2025/9/10,1.86,2.157472196074884,1.859379093333334,7.327434955940249,5.889458375200832,11.3789939668175,22.755,1.516993148,59.7903365392878,5.61619549677917,41.3478474078824,1.8614000000000002,-0.001118797,0.02038328702790994,253,0.9337016574585635
2025/9/11,1.859,2.191573685936291,1.860950541666666,7.334838923531917,5.881859219204751,11.36335196374623,22.725,1.514992528333333,59.7983396300121,5.61604411161852,41.3401268938645,1.8603999999999998,-0.001099248,0.01997526824659925,254,0.9337016574585635
2025/9/12,1.861,2.182311801300321,1.859035525833333,7.32778520376325,5.882844287,11.36216767371601,22.725,1.514992905,59.8723775266818,5.60032845832002,41.3393605396537,1.8602,-0.001019549,0.019516219278252006,255,0.9352084379708689
2025/9/13,1.859,2.173221967640681,1.859252914166666,7.328401258666751,5.8828374259655,11.37662123493976,22.726,1.515059849999999,59.8472664620805,5.60875480125401,41.3298823383244,1.86,-0.000972932,0.0190173846476714,256,0.934203917629332
2025/9/14,1.859,2.214760602996135,1.862229974166666,7.340674853756417,5.877844962103333,11.35222222222222,22.709,1.51392623,59.8435883619863,5.60481706082118,41.3567322000682,1.86,-0.000915038,0.018390443724714108,257,0.934203917629332
2025/9/15,1.862,2.212446749665041,1.861145670833333,7.336736424455666,5.873419427398666,11.34592813918305,22.691,1.512725775833333,59.7181902737927,5.62878445457356,40.7410605095444,1.861,-0.000790226,0.017701861928992414,258,0.9362129583124058
2025/9/16,1.861,2.244559109268949,1.861389153333333,7.340141976,5.864889191439583,11.32525075757576,22.652,1.51012578,59.7165694537933,5.62997521509581,40.7360107634469,1.8618000000000001,-0.000677444,0.016852835620176983,259,0.9357106981416373
2025/9/17,1.861,2.260669961606687,1.860903445,7.33931016673275,5.859091322343083,11.31125341426404,22.627,1.508459675833333,59.7865609945462,5.62201532222808,40.7104359335124,1.862,-0.000578195,0.015986833626628123,260,0.9357106981416373
2025/9/18,1.861,2.255424001368798,1.858698705833333,7.330936764221168,5.853267284947501,11.30142141230068,22.603,1.506860070833334,59.8076915921639,5.62469197644905,40.6923369202273,1.8626,-0.000479699,0.015087869774554803,261,0.9357106981416373
2025/9/19,1.859,2.261454225734506,1.857756080833333,7.327713451032917,5.850359788561167,11.29473480243161,22.59,1.50599194,59.7921313720089,5.62383824117273,40.6854936095421,1.8628,-0.00041203,0.014117922422634583,262,0.9347061778001003
2025/9/20,1.858,2.260660469050932,1.856365416666667,7.32295597807475,5.841918315008666,11.27834170471841,22.556,1.503727155833333,59.7947051127487,5.62723599017649,40.6751399102682,1.862,-0.000359398,0.013180684339451326,263,0.934203917629332
2025/9/21,1.856,2.266138968709716,1.855390021666667,7.319750698576334,5.833593985230333,11.26063643292682,22.523,1.501529370833333,59.7923743094756,5.62799895404232,40.6656819129819,1.861,-0.000320301,0.012355969586747517,264,0.9331993972877951
2025/9/22,1.855,2.238388279950257,1.84970598,7.295982146332332,5.832562424729332,11.26212509476877,22.519,1.501260428,59.8025655958722,5.62575909729588,40.6725425625803,1.86,-0.000294737,0.011558258840080375,265,0.9331993972877951
2025/9/23,1.85,2.229747528191764,1.847713395,7.289004917654251,5.8222072038735,11.23964758364312,22.477,1.49846484,59.7917695800525,5.61983608593886,40.8291433617447,1.8572000000000002,-0.000382707,0.011341546766441654,266,0.928679055750879
2025/9/24,1.848,2.226373142293568,1.848059149166666,7.290756887687833,5.826425963063917,11.23953085501859,22.491,1.499396030833333,59.8373515925327,5.65536152886014,40.9668688103324,1.8546,-0.00047218,0.011225030964965261,267,0.9281767955801105
2025/9/25,1.848,2.226672969846675,1.847738190833333,7.288689358607833,5.81896690087525,11.23097093889718,22.467,1.497793734166666,59.831772271301,5.65180378526949,40.9563499365428,1.8524,-0.000550376,0.011406161322619228,268,0.928679055750879
2025/9/26,1.848,2.217851614826357,1.847455851666667,7.287352775107584,5.818239638488834,11.23453055141579,22.465,1.497656333333333,59.8227108443705,5.65493645207735,40.9377313528016,1.8504,-0.000634586,0.011641127118958145,269,0.9281767955801105
2025/9/27,1.847,2.232502668335836,1.847496320833333,7.287463903153499,5.816781942,11.23048399106479,22.46,1.49732426,59.8299985145469,5.61872815837781,40.9209087354774,1.8483999999999998,-0.000710526,0.01208019705869054,270,0.9281767955801105
2025/9/28,1.848,2.246926520101304,1.84466287,7.278418049419916,5.802017002815666,11.19347498132935,22.397,1.49312552,59.8226022754903,5.66054692246254,40.9435625745014,1.8478,-0.00082406,0.012587267350727844,271,0.9271722752385736
2025/9/29,1.845,2.253378681022141,1.843035846666666,7.272950901484584,5.787162340071498,11.17293937125749,22.339,1.489262476666666,59.8438071303108,5.66257533356796,40.9277393339024,1.8472000000000002,-0.000945113,0.013039486711875296,272,0.9266700150678051
2025/9/30,1.843,2.268091924619524,1.842204313,7.270965887672084,5.79006837485175,11.1722670157068,22.344,1.489596641666667,59.8549263270624,5.66194848922644,40.9161200585989,1.8462,-0.001073684,0.013476454282425042,273,0.9261677548970366
2025/10/1,1.842,2.274444171512895,1.841277815,7.268013971274749,5.777304070287417,11.15009145427286,22.295,1.486330088333333,59.8711896054084,5.66758647966679,40.9128353530822,1.845,-0.001208271,0.01399036529763865,274,0.9251632345554998
2025/10/2,1.841,2.286488268791981,1.840082190833333,7.264615408087916,5.776706028216584,11.14413578394598,22.287,1.485800363333333,59.884525157683,5.66700377170044,40.9006577206949,1.8436,-0.001284211,0.014524973002616058,275,0.9246609743847313
2025/10/3,1.84,2.28330573513333,1.839130395,7.260905089467751,5.775017178250917,11.13914575507138,22.28,1.485333721666667,59.8959631144502,5.67464701401495,40.8959211763736,1.8424,-0.001374436,0.01517145782259024,276,0.9241587142139628
2025/10/4,1.839,2.271847496478587,1.840450734166666,7.264144077784833,5.778268576251917,11.1534463615904,22.3,1.486659829166667,59.8891956944979,5.66520921759743,40.8624059613609,1.8416000000000001,-0.001420301,0.015758962088039518,277,0.9246609743847313
2025/10/5,1.84,2.276616557950446,1.840294550833333,7.263337459016167,5.777269511261499,11.15454688672168,22.297,1.486458340833333,59.8770809840662,5.66570600736719,40.8861731243396,1.841,-0.001374436,0.016410170928112908,278,0.9246609743847313
2025/10/6,1.84,2.290188963328763,1.838692823,7.258328437678167,5.765564142465333,11.12726671675432,22.249,1.483259264166667,59.8722329518963,5.66947771210971,40.8802807943027,1.8405999999999998,-0.00132406,0.017045712841014426,279,0.9241587142139628
2025/10/7,1.839,2.270487740693039,1.83571666,7.246460092997916,5.758051143629082,11.10874999999999,22.22,1.481322843,59.8801111111547,5.67908697598846,40.8741459644888,1.8399999999999999,-0.001267669,0.017721459675896778,280,0.9231541938724259
2025/10/8,1.836,2.270326970390373,1.835015326666667,7.243290373071332,5.755587467166083,11.1082281626506,22.212,1.480788760833333,59.8705180011721,5.6360134683186,40.8211113380803,1.8392,-0.001202256,0.018329707469907752,281,0.922149673530889
2025/10/9,1.835,2.284704795240476,1.832566218333334,7.235406039345666,5.738693935144749,11.07113433962265,22.143,1.476192145,59.8449170767008,5.64133397088455,40.8113667588044,1.8376000000000001,-0.001170677,0.018932445668881706,282,0.9206428930185836
2025/10/10,1.833,2.29863482702007,1.830715670833333,7.229517650421249,5.728555757006334,11.04721709531015,22.1,1.473329099166667,59.8794935294896,5.642968208,40.7909490627813,1.8356000000000001,-0.001141353,0.019609048088399916,283,0.9196383726770466
2025/10/11,1.831,2.323042331511816,1.828510700833333,7.222593878233083,5.72419687094175,11.03812348484847,22.076,1.471729795833333,59.8614464308738,5.67804805995016,40.7922064095914,1.8334,-0.001128571,0.020284104893118826,284,0.9186338523355098
2025/10/12,1.829,2.327695254315675,1.826773335,7.217432219997583,5.712647174510835,11.01246130500759,22.027,1.468468595833333,59.8841168963815,5.68865343776268,40.775603259721,1.8312000000000002,-0.001100752,0.02083234720151233,285,0.9176293319939728
2025/10/13,1.827,2.352464390628426,1.825033395833333,7.211870001199583,5.697289243748334,10.98338584474887,21.966,1.464396695,59.8965523064237,5.68566973088181,40.7642111571222,1.8291999999999997,-0.001182707,0.021333203615477102,286,0.9171270718232044
2025/10/14,1.825,2.361375634168073,1.823253328,7.205938244018417,5.690450876143333,10.96798629093678,21.936,1.462401064166667,59.9244090048145,5.69861270930278,40.7585837281582,1.8274000000000001,-0.001274436,0.021691410053990178,287,0.9161225514816674
2025/10/15,1.823,2.36715453505931,1.821961765,7.201640459149166,5.685113637702417,10.95888015267176,21.913,1.460862353,59.9307756375414,5.70001776624339,40.74063575,1.8256000000000001,-0.001342857,0.021959510795901135,288,0.9151180311401306
2025/10/16,1.822,2.329549320419969,1.824120138333333,7.207125870007668,5.698536788222334,10.96388311688312,21.974,1.464921881666666,59.9474111142404,5.69172290631418,40.7343306061078,1.8246000000000002,-0.001357895,0.0219692454527607,289,0.9161225514816674
2025/10/17,1.824,2.347854306747367,1.823910248,7.205768414200666,5.695814628025333,10.98406387832699,21.966,1.464387455833333,59.9081883923918,5.64956064781894,40.6932986038369,1.8242,-0.001322556,0.021807143935082828,290,0.9166248116524359
2025/10/18,1.824,2.36551491025626,1.822057190833333,7.199815117822582,5.68954588067525,10.9722149390244,21.937,1.462456270833333,59.9062912459676,5.69235301814575,40.7432813262711,1.8236,-0.001312782,0.021538347549264817,291,0.915620291310899
2025/10/19,1.822,2.380340035022608,1.819450938,7.191019156068917,5.671844312117416,10.93726911314984,21.866,1.457726476666666,59.9205157891508,5.69598651695389,40.7144445679727,1.823,-0.001312782,0.021095291477167193,292,0.9146157709693621
2025/10/20,1.819,2.377629178693685,1.818685881666666,7.188139780122584,5.6651482107705,10.92088829380261,21.841,1.456055706666667,59.9352947654171,5.69754687495712,40.6960801776545,1.8224,-0.001321053,0.02089316878107398,293,0.9136112506278251
2025/10/21,1.819,2.355785390529183,1.819903390833333,7.190391316594833,5.680735519581999,10.9509250764526,21.907,1.460452775,59.9329810563225,5.6963971625055,40.6917563034537,1.8216,-0.001309023,0.020440844913474577,294,0.9141135107985937
2025/10/22,1.82,2.366603602550573,1.817903533,7.183579665193499,5.666084124,10.92609104820199,21.849,1.456584505,59.9197089044278,5.65701042134739,40.6634000704164,1.8204,-0.001293985,0.020342459487438912,295,0.9136112506278251
2025/10/23,1.818,2.38286631719696,1.814391066666667,7.172061249252749,5.653128626208583,10.89538556067589,21.791,1.452723824166667,59.9144362722006,5.6702896207232,40.6454025136766,1.8188,-0.001318797,0.020217955184537197,296,0.9116022099447513
2025/10/24,1.814,2.392663722816108,1.812047014166667,7.164445944294166,5.643893861195416,10.87254342813221,21.75,1.449992963333333,59.9313150803992,5.66998291650493,40.6169224820148,1.8169999999999997,-0.001333083,0.020457074676575066,297,0.910095429432446
2025/10/25,1.812,2.416422258957712,1.810082671666667,7.157911644267499,5.627149379375499,10.83650848765433,21.684,1.445594191666667,59.921883993877,5.70809595671923,40.6263185989372,1.8152000000000001,-0.001332331,0.020783723237717603,298,0.9090909090909091
2025/10/26,1.81,2.434367228721193,1.807135104166667,7.148030075085833,5.621562196631583,10.83246177606177,21.655,1.443665595,59.9415590143737,5.71387880146253,40.600679730721,1.8128,-0.001329323,0.021063699626332064,299,0.9080863887493722
2025/10/27,1.807,2.450340489341416,1.80507413,7.141541941533251,5.599097621560416,10.78159379844961,21.567,1.437797738,59.9527860997246,5.71862967280599,40.5831620961171,1.8102,-0.001338346,0.021507670164831575,300,0.9070818684078352
2025/10/28,1.805,2.435318669952802,1.806027173333333,7.143663262952416,5.604412487877582,10.79247058823529,21.593,1.439526054166667,59.9763311566826,5.71617428475267,40.5745510063663,1.8084,-0.001330827,0.0219445509369135,301,0.9070818684078352
2025/10/29,1.806,2.422465288544857,1.807059825833333,7.145424850922416,5.612162816138083,10.81813833075734,21.63,1.441987659166666,59.9719050384112,5.7080917277269,40.5818086672705,1.8074,-0.001311278,0.02234947911089625,302,0.9075841285786036
2025/10/30,1.807,2.42788487549717,1.806551969166666,7.1431091576785,5.613666045887166,10.82124806800618,21.636,1.442389048,59.9475939185051,5.70670000402778,40.5923338442553,1.807,-0.001269925,0.022644336332860674,303,0.9080863887493722
2025/10/31,1.807,2.445710703659956,1.80370304,7.133608814771917,5.600461959745749,10.79470422535212,21.58,1.438658130833333,59.9359411708883,5.67693570765466,40.4706946338239,1.8062,-0.001282707,0.02283320013133999,304,0.9060773480662984
2025/11/1,1.804,2.46009268059275,1.802779911666666,7.130275959161416,5.591201952134834,10.77578526645768,21.545,1.436322976666666,59.9049268959472,5.68451681302127,40.4064278103327,1.8055999999999996,-0.001303759,0.02279723842982711,305,0.9055750878955298
2025/11/2,1.803,2.462988575409311,1.799393525833333,7.117543283667833,5.575329688136751,10.7389536163522,21.483,1.432189436666667,59.9265578028385,5.68380099499462,40.387473285703,1.8044,-0.001347368,0.022700132402550723,306,0.9040683073832245
2025/11/3,1.799,2.484981644693273,1.799087325833333,7.116933715772667,5.574607347527584,10.7417476635514,21.478,1.431856530833333,59.9177576104836,5.68790033473627,40.3921051737193,1.8028,-0.001397744,0.022433965087890115,307,0.9035660472124559
2025/11/4,1.799,2.519264088528819,1.797772436666666,7.113600016006417,5.5650536602015,10.72280421216849,21.436,1.429059708333333,59.9796374148831,5.73033827717986,40.5032015569919,1.8006,-0.001470677,0.022280348855276227,308,0.9025615268709191
2025/11/5,1.798,2.505750531713569,1.794300498333333,7.100074730412167,5.552096067759249,10.69772947615325,21.386,1.425723279166667,60.0089653018155,5.73320306574858,40.4794878074957,1.7988,-0.001503008,0.022148738432286968,309,0.9015570065293821
2025/11/6,1.794,2.520271840261922,1.791470270833333,7.090159131793583,5.544843559170085,10.67816053249804,21.353,1.423526320833333,59.989140686588,5.73122927274609,40.4522918267647,1.7966000000000002,-0.001518797,0.022204966823876245,310,0.9000502260170768
2025/11/7,1.791,2.520327452840719,1.789807865833333,7.083659517249332,5.532721651181916,10.65259764705883,21.308,1.42052534,60.0008079576225,5.73447504511464,40.4270337569227,1.7946000000000002,-0.001545113,0.022407955805930836,311,0.8990457056755399
2025/11/8,1.79,2.534142895644182,1.787766570833333,7.076558546497917,5.522449687816083,10.63567556952082,21.266,1.417728573333333,60.0001732297292,5.7347153886535,40.424834880581,1.7924,-0.001581955,0.022799041233067946,312,0.898041185334003
2025/11/9,1.788,2.526710762922758,1.786375751666667,7.070392345496584,5.523781106808749,10.63953852201258,21.272,1.418125956666666,59.9991209783976,5.73527717790882,40.4061020721451,1.7904,-0.001615038,0.02329894281517704,313,0.8975389251632345
2025/11/10,1.786,2.526306635474353,1.784757218333333,7.062981853615333,5.513360045679583,10.62017151848937,21.237,1.415789711666666,60.0142944589393,5.70031512234198,40.3800366436219,1.7886,-0.001598496,0.023942276001646685,314,0.897036664992466
2025/11/11,1.785,2.539461940879428,1.782365313,7.054510207904752,5.500393428389916,10.58925730071034,21.185,1.412326193,60.0006835570582,5.70610581786356,40.3594784951648,1.7868000000000002,-0.001589474,0.02467718192468017,315,0.8955298844801607
2025/11/12,1.782,2.565103408454879,1.779614421666667,7.045259950339666,5.490368513269832,10.56920632411068,21.141,1.409390805,60.0085973364948,5.70709589661406,40.3377867812037,1.7850000000000001,-0.001618045,0.025341639959114877,316,0.8945253641386237
2025/11/13,1.78,2.560835086574764,1.776389603,7.033638327427417,5.4816662875265,10.54999445764054,21.103,1.40686044,60.0190348692214,5.71327373530904,40.3037907666098,1.7828,-0.0017,0.026018234058136483,317,0.8925163234555499
2025/11/14,1.776,2.574309831592388,1.773688033333333,7.023748738889165,5.466339617825666,10.52001429706116,21.043,1.402860473,60.0093248031808,5.71186425210926,40.2861782343898,1.7803999999999998,-0.001789474,0.026610889221656706,318,0.891511803114013
2025/11/15,1.774,2.595439272059956,1.771154898,7.014772532531916,5.453714503092583,10.49695374800638,20.992,1.399459683333333,60.0184573026634,5.71372479821736,40.2622809973434,1.7776,-0.001900752,0.027320247632416722,319,0.8900050226017077
2025/11/16,1.771,2.594916493440153,1.768612758,7.0051356741525,5.449175491321084,10.46773003194888,20.972,1.398128569166667,60.0294589370159,5.72094990128794,40.2317905000717,1.775,-0.002018045,0.027967318155538157,320,0.8890005022601707
2025/11/17,1.769,2.614723039795323,1.76613821,6.995968098369666,5.438648865599333,10.46345047923322,20.93,1.395330364166667,60.0260921239868,5.72069256241771,40.2102584742901,1.7722000000000002,-0.00212406,0.028583983123806674,321,0.8874937217478653
2025/11/18,1.766,2.624992387658121,1.763700138333333,6.987159711989667,5.421321482829417,10.43419295436349,20.863,1.390863103333333,60.0461345913966,5.72503446481712,40.1986295304434,1.7698,-0.002184211,0.02918263711430013,322,0.8864892014063284
2025/11/19,1.764,2.64309674381205,1.761799605833333,6.980224041050334,5.409211400275167,10.40921268057785,20.816,1.387729924166667,60.0408827405607,5.72782524202005,40.1856670617144,1.7671999999999997,-0.002208271,0.02990951341117531,323,0.884982420894023
2025/11/20,1.762,2.650104577640269,1.759351435833333,6.971683883666667,5.407318833538583,10.4035924437299,20.803,1.386864915833333,60.0553876783568,5.72683674039923,40.1539331696184,1.7648,-0.002254887,0.030646919717206282,324,0.8839779005524862
2025/11/21,1.759,2.663046861178786,1.755778829166667,6.958702390884084,5.385273883570584,10.355797417272,20.717,1.381130929166667,60.0578188264743,5.72619021686458,40.1266893914382,1.7622,-0.002293985,0.03149847900276192,325,0.8824711200401807
2025/11/22,1.756,2.66756353187837,1.755405453,6.956417379213001,5.384822049,10.36055609362389,20.718,1.381198079166667,60.0682273260007,5.72766423492035,40.0980501272722,1.7600000000000002,-0.002325564,0.032304370192117834,326,0.8819688598694123
2025/11/23,1.755,2.675648598737276,1.752404913,6.945353116473084,5.379087013100333,10.34604442649435,20.692,1.379463780833333,60.0527390253516,5.73300628913867,40.094842802139,1.7576,-0.002349624,0.03334665470847424,327,0.8804620793571069
2025/11/24,1.752,2.680152571030407,1.749362695,6.933800369164833,5.369125797311166,10.323595951417,20.652,1.376800123333334,60.0597240503374,5.73519205914729,40.0826244480023,1.7551999999999999,-0.002378947,0.03435759316412183,328,0.8789552988448016
2025/11/25,1.749,2.69248265634823,1.747415631666666,6.927001022161082,5.3531379037635,10.29675142160844,20.59,1.372663774166667,60.0597537158297,5.73301925139018,40.061139648078,1.7528,-0.002397744,0.03530390134477574,329,0.8779507785032646
2025/11/26,1.747,2.69795630036591,1.745548765833333,6.919782372631334,5.352357548967833,10.29468562144598,20.585,1.372332440833334,60.0520308168763,5.7370137885811,40.0422578877036,1.7506,-0.002421805,0.03599101247272879,330,0.8769462581617278
2025/11/27,1.746,2.709141447312617,1.744508738,6.915477673423249,5.3397695380185,10.27077442996743,20.54,1.36932609,60.0682497411854,5.73277488844536,40.0276977529336,1.7484000000000002,-0.002422556,0.036625067328296186,331,0.8764439979909593
2025/11/28,1.745,2.720466279911075,1.74146796,6.903782801037166,5.335825067014666,10.26240342298289,20.522,1.368126743333333,60.0635619432337,5.7365882822891,40.0149809386395,1.7464,-0.002415789,0.037000588990022225,332,0.8754394776494224
2025/11/29,1.741,2.727590267080856,1.739446525833333,6.89661597548125,5.318147420458168,10.23103352412101,20.454,1.363598158333333,60.0671755717038,5.73949518522692,39.9928655035101,1.7446000000000002,-0.002385714,0.03731122715260212,333,0.8744349573078855
2025/11/30,1.739,2.752749445190198,1.735285495,6.881877992986249,5.303525078923499,10.20075471698114,20.392,1.359462820833333,60.0549881611928,5.74468546239246,39.9713600034813,1.7422,-0.002373684,0.03747709398322407,334,0.8719236564540431
2025/12/1,1.735,2.79208546581707,1.735501184166667,6.88409780940075,5.295321589,10.1834495488105,20.358,1.357197959166667,60.0862675551065,5.74382161760094,39.9274395271403,1.7398,-0.002362406,0.03766051467363437,335,0.8709191361125063
2025/12/2,1.736,2.79548643421973,1.733114875,6.875699617149666,5.284363714323833,10.15690781893004,20.313,1.354199554166666,60.1321907047716,5.75289105231466,39.892461702046,1.7372,-0.002337594,0.037820328168676996,336,0.8699146157709693
2025/12/3,1.733,2.780582802027937,1.726376543333333,6.848691393251499,5.260730106230667,10.11813719008264,20.224,1.348266159166667,60.1163151899856,5.75314563252358,39.875032223172,1.7342,-0.002359398,0.03807961017414501,337,0.8679055750878955
2025/12/4,1.726,2.78468851576257,1.726234923333333,6.849106060032916,5.263157170344751,10.11335785123967,20.229,1.3486036,60.0669341393178,5.75995752528867,39.8810434728835,1.7312,-0.002367669,0.03833736348178655,338,0.8669010547463586
2025/12/5,1.726,2.811181915979859,1.72391884,6.839696107,5.252243774734834,10.09630074565037,20.189,1.345934688,60.0676409515165,5.75860929981851,39.8676478839173,1.7289999999999999,-0.00236391,0.03859288345113092,339,0.8663987945755901
2025/12/6,1.724,2.796302333123619,1.721232225833333,6.828719136801999,5.25056672101375,10.08321458160729,20.182,1.345464304166667,60.0977123525773,5.75804534341342,39.8318646441221,1.7266,-0.00236391,0.03874913118993234,340,0.8648920140632848
2025/12/7,1.721,2.735609899820882,1.720345574166667,6.823754306709249,5.246775108358333,10.08952155887231,20.173,1.344861290833333,60.0723837051777,5.76072484926785,39.8416154923317,1.7244,-0.002353383,0.038806228009728015,341,0.8643897538925164
2025/12/8,1.72,2.815189069514088,1.717014608,6.81258863831575,5.219130464841749,10.02892166666667,20.064,1.337598664166666,60.175073972515,5.75384326243016,40.433501323515,1.7224,-0.00234812,0.038849625464296225,342,0.8628829733802109
2025/12/9,1.717,2.819871786654354,1.717014143,6.812827311627166,5.224681296,10.03869384359402,20.083,1.338866485833333,60.0594909825102,5.76933406866031,39.8108446671552,1.7207999999999999,-0.002319549,0.038570962881112156,343,0.8628829733802109
2025/12/10,1.717,2.817861321088485,1.716823618,6.811727444877834,5.218755567313583,10.02990333333334,20.063,1.337528643333333,60.061804569077,5.7704440792533,39.8120805647884,1.7192,-0.002270677,0.038346090535927836,344,0.8623807132094425
2025/12/11,1.717,2.853137263569187,1.714468395833333,6.804377115237333,5.200605841,10.00077135678391,19.989,1.332598095833333,60.0437011942803,5.77857949532914,39.8093262895467,1.7178,-0.002233083,0.037849005262832046,345,0.8613761928679056
2025/12/12,1.714,2.863028867021992,1.711569988,6.79398489,5.199015594103167,9.99000335008375,19.977,1.331797708333333,60.0685224761978,5.78014327570835,39.763083431308,1.716,-0.002190977,0.03749662952704719,346,0.8598694123556001
2025/12/13,1.712,2.881938022058813,1.709292618333333,6.78579059901225,5.190024645759751,9.968734060402683,19.94,1.329331680833333,60.0710284634058,5.78232091176772,39.7499205082981,1.7144,-0.002158647,0.03697705204929904,347,0.8588648920140632
2025/12/14,1.709,2.894590608842006,1.707753228333333,6.780159802383166,5.178574224768166,9.949512195121956,19.896,1.326400635,60.0809010806425,5.78672687151259,39.7280748015335,1.7126000000000001,-0.002123308,0.03653119776705059,348,0.8583626318432949
2025/12/15,1.708,2.908727291388775,1.70537429,6.771599182664334,5.170189754568501,9.929530354131533,19.861,1.324065071666667,60.0783093954583,5.79098133557404,39.7162517013555,1.7106000000000001,-0.002086466,0.036030684602481926,349,0.8573581115017579
2025/12/16,1.705,2.909306792147786,1.703633378,6.764914614254416,5.16520122889125,9.920687763713076,19.841,1.322730904166667,60.0886309527441,5.78863523230078,39.6851044474763,1.7084,-0.002062406,0.03565818235783529,350,0.8558513309894524
2025/12/17,1.704,2.879686231400928,1.703200173,6.761551610681167,5.170910900575333,9.932418839360812,19.867,1.324459365,60.0789423458702,5.79293814722527,39.6871291192282,1.7067999999999999,-0.001990977,0.03515599664772225,351,0.8558513309894524
2025/12/18,1.703,2.898353480132717,1.701036279166667,6.75376369523075,5.162695118431999,9.916150927487358,19.833,1.322193155833333,60.0391443840351,5.80232298461892,39.7080394739056,1.7052,-0.001918045,0.03475115730730943,352,0.8548468106479156
2025/12/19,1.701,2.900599644915011,1.699790105833334,6.749124600788416,5.151809910870584,9.890210304054056,19.792,1.319460735833333,60.0542191789902,5.80105619818835,39.6827945608362,1.7036000000000002,-0.001829323,0.03414296449252707,353,0.8543445504771472
2025/12/20,1.7,2.915639719339907,1.697003820833333,6.7388860683715,5.141227398912417,9.87262404741744,19.749,1.31659237,60.0507752639259,5.80580546207859,39.6685253036781,1.7018,-0.001802256,0.03373427206555801,354,0.8528377699648417
2025/12/21,1.697,2.925493953507139,1.694281795,6.728713725086168,5.129867445549916,9.843819185059418,19.704,1.313592633333333,60.0433079506446,5.81425190667149,39.645592281725,1.7,-0.001792481,0.03322196672981212,355,0.8513309894525364
2025/12/22,1.694,2.932977842010974,1.691764879166667,6.719346167145167,5.121256566689751,9.832479591836735,19.669,1.31125522,60.0438477062378,5.81794959516749,39.6256875581678,1.6978000000000002,-0.001784211,0.032828043629605744,356,0.8503264691109995
2025/12/23,1.692,2.935284480841195,1.689212821666667,6.709771209489499,5.118210376913167,9.823488926746162,19.654,1.310256575,60.2442493626321,5.79108646264386,40.1715057147993,1.6954,-0.001823308,0.032470710542694584,357,0.848819688598694
2025/12/24,1.689,2.938952164966444,1.687630989166667,6.703663128508333,5.106125909750418,9.801156010230187,19.609,1.307254206666667,60.2282923368808,5.80012687281555,40.1558854552688,1.6927999999999996,-0.001865414,0.032138905948000694,358,0.8478151682571571
2025/12/25,1.688,2.94781124393239,1.685434608,6.695600890873417,5.095531083934667,9.785635354397948,19.567,1.304454384166667,60.2215951638504,5.80680273689209,40.1450192346699,1.6905999999999999,-0.001880451,0.03187703528590561,359,0.8473129080863887
2025/12/26,1.685,2.965268501159788,1.683578453333333,6.688670609055416,5.088565586214001,9.77317808219178,19.539,1.302588206666667,60.2141649049564,5.8117886610706,40.1385886317636,1.6884000000000001,-0.001928571,0.03159326220936071,360,0.8458061275740834
2025/12/27,1.684,2.972845531972756,1.68152586,6.68101159376225,5.0808562756635,9.75304798628964,19.508,1.300524714166666,60.2184021999621,5.81446529871302,40.1048419211368,1.6862000000000001,-0.00196391,0.03142503892818877,361,0.8448016072325464
2025/12/28,1.682,2.971802019657581,1.679902649166667,6.67487570739475,5.072863317150833,9.733803433476387,19.477,1.298459771666667,60.2154479481472,5.82186251999788,40.0923872082957,1.6844000000000001,-0.002002256,0.031196534404896482,362,0.844299347061778
2025/12/29,1.68,2.959847060717162,1.679710146666667,6.672539251179665,5.07525379170375,9.739601716738202,19.491,1.299391734166667,60.2079776268168,5.82053924719916,40.0750617421781,1.6827999999999999,-0.001999248,0.03100603491549509,363,0.8437970868910095
2025/12/30,1.68,2.913811634256504,1.680620424166666,6.672603773294835,5.082424447,9.761256212510707,19.53,1.301991881666667,60.2035165038969,5.81330710238388,40.0920575626903,1.6816,-0.001940602,0.03078982597057669,364,0.844299347061778
2025/12/31,1.681,2.952503705020263,1.677763008,6.6634256785805,5.071244254636916,9.743949356223172,19.48,1.298657894166666,60.1194186766761,5.83222964308499,40.0780753801447,1.6804000000000001,-0.001902256,0.030725011800830024,365,0.8427925665494725
2026/1/1,1.678,2.957566904212675,1.675451521666667,6.655307229363248,5.062200513163167,9.722462994836484,19.442,1.296126336666667,60.1521120871072,5.83574762560494,40.0617960730342,1.6792000000000002,-0.001884211,0.030571193916936024,366,0.8417880462079357
2026/1/2,1.675,2.976464696508178,1.672860415833333,6.645770373,5.048427155014084,9.69587844827587,19.388,1.292527428,60.1417844908591,5.84024987083123,40.0355221795661,1.6778,-0.00187218,0.030489066725774127,367,0.8407835258663987
2026/1/3,1.673,2.99892147881918,1.671268120833334,6.640095670910334,5.040485775762168,9.67810717372516,19.356,1.290395165,60.1568232012987,5.84665869554073,40.0243029755487,1.6760000000000002,-0.001864662,0.030385861833500595,368,0.8392767453540934
2026/1/4,1.671,3.004528887889695,1.668877531666666,6.631393786219915,5.03230054590025,9.659360726643603,19.322,1.288128616666667,60.1672004692064,5.84726604920119,40.0006107977276,1.6736,-0.00186015,0.03045827305112661,369,0.8382722250125565
2026/1/5,1.669,2.992160981289647,1.666718519166667,6.623888811914333,5.021542751981749,9.63961979166666,19.278,1.285195888333333,60.1694168324106,5.84860544500458,39.9794706605894,1.6713999999999998,-0.001874436,0.030444818746744297,370,0.8372677046710195
2026/1/6,1.667,3.028618374885582,1.664231948,6.614408775598166,5.013268818206416,9.624316521739132,19.245,1.282996380833333,60.1350607900863,5.84557288580419,39.9368937107038,1.6692,-0.001861654,0.030508323025541306,371,0.8362631843294827
2026/1/7,1.664,3.037845118264193,1.66240825,6.608153429865167,5.005712632,9.60672149695387,19.213,1.280863133333333,60.1694008334602,5.85142660895526,39.9290148336314,1.6667999999999998,-0.001864662,0.030567236621275033,372,0.8347564038171772
2026/1/8,1.662,3.053041809860051,1.659591583,6.597613319250417,4.992156672060251,9.5781711790393,19.16,1.277328585833333,60.1729994641809,5.85230421653027,39.9132639066018,1.6646,-0.00185188,0.03069267625201892,373,0.8337518834756403
2026/1/9,1.66,3.063797925446369,1.657824705,6.591354152348167,4.987443469323167,9.570999126637552,19.139,1.275930919166667,60.1715113966065,5.86144147318718,39.8902785151521,1.6623999999999999,-0.001853383,0.03080355749635676,374,0.8327473631341034
2026/1/10,1.658,3.054722620283369,1.657834655,6.590693126568583,4.9850507578795,9.562566433566436,19.133,1.275528208,60.1820734378633,5.85998448464597,39.8838643400808,1.6603999999999999,-0.001856391,0.03084645516686692,375,0.832245102963335
2026/1/11,1.658,3.006593460520367,1.660302095833333,6.596867433812499,4.99765508286775,9.60012380122058,19.193,1.279526010833333,60.1852509500687,5.84753550332643,39.8960865087972,1.6594000000000002,-0.001790977,0.030779075596471892,376,0.8337518834756403
2026/1/12,1.66,3.024653602451507,1.658481403,6.590091303112332,4.989287736394417,9.578712914485164,19.16,1.277326390833333,60.1078847560978,5.84657027642791,39.8921743567125,1.6588,-0.001737594,0.030701370202321845,377,0.8332496233048718
2026/1/13,1.658,3.034953769247458,1.656541376666667,6.583375133,4.980633753778416,9.564346456692922,19.124,1.274926534166667,60.1189358138968,5.85319721256011,39.8805855995606,1.6582000000000001,-0.001697744,0.030376982694864753,378,0.832245102963335
2026/1/14,1.657,3.063845158798154,1.656017385833334,6.582112938522335,4.972330332666417,9.542750437828367,19.091,1.272725841666667,60.1322934337468,5.85008803952774,39.8621324080433,1.6576,-0.001655639,0.0300011389185319,379,0.831240582621798
2026/1/15,1.656,3.076165511664102,1.654304973,6.575919934773415,4.967163401868666,9.529954385964912,19.069,1.271258825,60.152107406116,5.85770020018279,39.8506771660336,1.657,-0.001627068,0.029279172229934633,380,0.8307383224510295
2026/1/16,1.654,3.068270509661965,1.653002738333333,6.570463069326665,4.965770761395415,9.530889473684203,19.064,1.270924208,60.1541201493085,5.85800202164838,39.8409123721489,1.6556000000000002,-0.001599248,0.028620982559385368,381,0.8302360622802611
2026/1/17,1.653,3.103721178203847,1.652419574166667,6.569916926930834,4.955629234504084,9.51190158172232,19.021,1.268057428,60.1326158894388,5.86247620750253,39.8270414888749,1.654,-0.00157218,0.02790404894742638,382,0.8292315419387243
2026/1/18,1.652,3.111670449158622,1.648448680833333,6.55514804752325,4.945769223597082,9.492896916299564,18.979,1.265255103,60.1711343931306,5.86666862897042,39.8125842010025,1.6524,-0.001544361,0.027268315651194877,383,0.8282270215971873
2026/1/19,1.648,3.130982519280327,1.646516463,6.548613707113583,4.933913158224833,9.470898409893993,18.931,1.262055845,60.1592785550847,5.86902067264473,39.7811635990032,1.6506,-0.001496992,0.02675899875936159,384,0.8267202410848818
2026/1/20,1.647,3.169527788067787,1.645101745,6.543765605284916,4.9249202317665,9.446813805631244,18.895,1.259655313333333,60.1597712907293,5.83288179481587,39.5592728959492,1.6488,-0.001458647,0.026298931909117806,385,0.8262179809141135
2026/1/21,1.645,3.171742064800726,1.642625993333333,6.534495398972333,4.915971446159417,9.428297543221108,18.859,1.257255305,60.2758366259328,5.83106592718686,40.0162532634668,1.6468,-0.001430827,0.0260295381936028,386,0.8252134605725766
2026/1/22,1.643,3.199007423796707,1.640988635,6.52926739502225,4.907818630686501,9.4116937101185,18.824,1.254921770833333,60.2656698647165,5.83533889648389,39.9978911813591,1.6445999999999998,-0.00142782,0.02590199257901159,387,0.8237066800602711
2026/1/23,1.641,3.180236278834308,1.642091708333333,6.531839859219334,4.911358092,9.421860655737705,18.844,1.256254543,60.2963586853826,5.82664764650664,39.991668075267,1.643,-0.001406767,0.02579102147654249,388,0.8242089402310396
2026/1/24,1.642,3.168043417406347,1.642344855833333,6.530951511792332,4.913882309989832,9.430682438580526,18.86,1.257320688,60.2763931640865,5.82593819074237,40.004138492669,1.6422,-0.001357895,0.025684739639255313,389,0.824711200401808
2026/1/25,1.642,3.168043417406347,1.642344855833333,6.520951511792332,4.908882309989832,9.422682438580526,18.82,1.252320688,60.8696696359944,5.11383459094953,41.1487924133573,1.6316,-0.002014286,0.02830903434961415,390,0.7995981918633852
